Category,Product URL,Brand,Product Name,Original Price,Sale Price,Flags,Rating
선케어,https://www.oliveyoung.co.kr/store/goods/getGoodsDetail.do?goodsNo=A000000226675&dispCatNo=90000010009&trackingCd=Best_Sellingbest&t_page=%EB%9E%AD%ED%82%B9&t_click=%ED%8C%90%EB%A7%A4%EB%9E%AD%ED%82%B9_%EC%84%A0%EC%BC%80%EC%96%B4_%EC%83%81%ED%92%88%EC%83%81%EC%84%B8&t_number=1,라운드랩,[6월 올영픽][1+1+1] 라운드랩 자작나무 수분 선크림 40ml 트리플 기획,"30,000원","25,500원","['세일', '쿠폰', '오늘드림']",
선케어,https://www.oliveyoung.co.kr/store/goods/getGoodsDetail.do?goodsNo=A000000225044&dispCatNo=90000010009&trackingCd=Best_Sellingbest&t_page=%EB%9E%AD%ED%82%B9&t_click=%ED%8C%90%EB%A7%A4%EB%9E%AD%ED%82%B9_%EC%84%A0%EC%BC%80%EC%96%B4_%EC%83%81%ED%92%88%EC%83%81%EC%84%B8&t_number=2,오브제,오브제 포어 제로 오일 컨트롤 선스틱 18g,"19,800원","17,900원","['세일', '쿠폰', '오늘드림']",
선케어,https://www.oliveyoung.co.kr/store/goods/getGoodsDetail.do?goodsNo=A000000219553&dispCatNo=90000010009&trackingCd=Best_Sellingbest&t_page=%EB%9E%AD%ED%82%B9&t_click=%ED%8C%90%EB%A7%A4%EB%9E%AD%ED%82%B9_%EC%84%A0%EC%BC%80%EC%96%B4_%EC%83%81%ED%92%88%EC%83%81%EC%84%B8&t_number=3,구달,[6월 올영픽/화잘먹]구달 맑은 어성초 진정 수분 선크림 50ml 1+1 기획 (+포캣 파우치),"20,000원","16,500원","['세일', '쿠폰', '오늘드림']",
선케어,https://www.oliveyoung.co.kr/store/goods/getGoodsDetail.do?goodsNo=A000000226677&dispCatNo=90000010009&trackingCd=Best_Sellingbest&t_page=%EB%9E%AD%ED%82%B9&t_click=%ED%8C%90%EB%A7%A4%EB%9E%AD%ED%82%B9_%EC%84%A0%EC%BC%80%EC%96%B4_%EC%83%81%ED%92%88%EC%83%81%EC%84%B8&t_number=4,라운드랩,[6월 올영픽][1+1/즉각쿨링] 라운드랩 자작나무 수분 선스틱 19g 더블 기획 (+자작패드 4매입),"29,000원","23,900원","['세일', '쿠폰', '오늘드림']",
선케어,https://www.oliveyoung.co.kr/store/goods/getGoodsDetail.do?goodsNo=A000000223207&dispCatNo=90000010009&trackingCd=Best_Sellingbest&t_page=%EB%9E%AD%ED%82%B9&t_click=%ED%8C%90%EB%A7%A4%EB%9E%AD%ED%82%B9_%EC%84%A0%EC%BC%80%EC%96%B4_%EC%83%81%ED%92%88%EC%83%81%EC%84%B8&t_number=5,AHC,[선케어1등/이사배PICK]AHC 마스터즈 아쿠아리치 선크림 50ml 1+1 기획,"27,900원","23,700원","['세일', '쿠폰', '오늘드림']",
선케어,https://www.oliveyoung.co.kr/store/goods/getGoodsDetail.do?goodsNo=A000000180162&dispCatNo=90000010009&trackingCd=Best_Sellingbest&t_page=%EB%9E%AD%ED%82%B9&t_click=%ED%8C%90%EB%A7%A4%EB%9E%AD%ED%82%B9_%EC%84%A0%EC%BC%80%EC%96%B4_%EC%83%81%ED%92%88%EC%83%81%EC%84%B8&t_number=6,닥터지,"[6월 올영픽][저자극/무기자차] 닥터지 그린 마일드 업 선 플러스 기획 2종 택 1 (1+1, 증정 기획)","29,000원","21,900원","['세일', '오늘드림']",
선케어,https://www.oliveyoung.co.kr/store/goods/getGoodsDetail.do?goodsNo=A000000219556&dispCatNo=90000010009&trackingCd=Best_Sellingbest&t_page=%EB%9E%AD%ED%82%B9&t_click=%ED%8C%90%EB%A7%A4%EB%9E%AD%ED%82%B9_%EC%84%A0%EC%BC%80%EC%96%B4_%EC%83%81%ED%92%88%EC%83%81%EC%84%B8&t_number=7,구달,[6/14 하루특가_스티치] 구달 맑은 어성초 진정 수분 톤업 선크림 50ml 1+1 기획 (+포캣 파우치 랜덤 증정),"22,000원","17,000원","['세일', '쿠폰', '오늘드림']",
선케어,https://www.oliveyoung.co.kr/store/goods/getGoodsDetail.do?goodsNo=A000000225015&dispCatNo=90000010009&trackingCd=Best_Sellingbest&t_page=%EB%9E%AD%ED%82%B9&t_click=%ED%8C%90%EB%A7%A4%EB%9E%AD%ED%82%B9_%EC%84%A0%EC%BC%80%EC%96%B4_%EC%83%81%ED%92%88%EC%83%81%EC%84%B8&t_number=8,바이오힐 보,바이오힐 보 프로바이오덤 콜라겐 톤업 /에센스 선크림 1+1 기획,"30,000원","17,600원","['세일', '쿠폰', '오늘드림']",
선케어,https://www.oliveyoung.co.kr/store/goods/getGoodsDetail.do?goodsNo=A000000186166&dispCatNo=90000010009&trackingCd=Best_Sellingbest&t_page=%EB%9E%AD%ED%82%B9&t_click=%ED%8C%90%EB%A7%A4%EB%9E%AD%ED%82%B9_%EC%84%A0%EC%BC%80%EC%96%B4_%EC%83%81%ED%92%88%EC%83%81%EC%84%B8&t_number=9,라운드랩,[6월 올영픽][1+1/톤업] 라운드랩 자작나무 수분 톤업 선크림 50ml 1+1 기획,"25,000원","24,200원","['세일', '쿠폰', '오늘드림']",
선케어,https://www.oliveyoung.co.kr/store/goods/getGoodsDetail.do?goodsNo=A000000215502&dispCatNo=90000010009&trackingCd=Best_Sellingbest&t_page=%EB%9E%AD%ED%82%B9&t_click=%ED%8C%90%EB%A7%A4%EB%9E%AD%ED%82%B9_%EC%84%A0%EC%BC%80%EC%96%B4_%EC%83%81%ED%92%88%EC%83%81%EC%84%B8&t_number=10,브링그린,"브링그린 알로에 97%, 핑크알로에 96% 수딩젤 300mL 2입/단품","6,800원","6,100원","['세일', '쿠폰', '오늘드림']",
선케어,https://www.oliveyoung.co.kr/store/goods/getGoodsDetail.do?goodsNo=A000000224981&dispCatNo=90000010009&trackingCd=Best_Sellingbest&t_page=%EB%9E%AD%ED%82%B9&t_click=%ED%8C%90%EB%A7%A4%EB%9E%AD%ED%82%B9_%EC%84%A0%EC%BC%80%EC%96%B4_%EC%83%81%ED%92%88%EC%83%81%EC%84%B8&t_number=11,식물나라,[6월 올영픽] 식물나라 워터프루프/쿨링 선 스프레이 2종 (단품/1+1),"14,800원","7,400원","['세일', '쿠폰', '오늘드림']",
선케어,https://www.oliveyoung.co.kr/store/goods/getGoodsDetail.do?goodsNo=A000000228069&dispCatNo=90000010009&trackingCd=Best_Sellingbest&t_page=%EB%9E%AD%ED%82%B9&t_click=%ED%8C%90%EB%A7%A4%EB%9E%AD%ED%82%B9_%EC%84%A0%EC%BC%80%EC%96%B4_%EC%83%81%ED%92%88%EC%83%81%EC%84%B8&t_number=12,이지듀,[OY단독]이지듀 기미 앰플 쿠션 기획 (본품 13g + 리필 13g),"58,900원","51,900원","['세일', '쿠폰', '오늘드림']",
선케어,https://www.oliveyoung.co.kr/store/goods/getGoodsDetail.do?goodsNo=A000000180158&dispCatNo=90000010009&trackingCd=Best_Sellingbest&t_page=%EB%9E%AD%ED%82%B9&t_click=%ED%8C%90%EB%A7%A4%EB%9E%AD%ED%82%B9_%EC%84%A0%EC%BC%80%EC%96%B4_%EC%83%81%ED%92%88%EC%83%81%EC%84%B8&t_number=13,닥터지,"[6월 올영픽][보송톤업/파데프리] 닥터지 브라이트닝 업 선 플러스 기획 2종 택 1 (1+1, 증정 기획)","32,000원","22,900원","['세일', '오늘드림']",
선케어,https://www.oliveyoung.co.kr/store/goods/getGoodsDetail.do?goodsNo=A000000225317&dispCatNo=90000010009&trackingCd=Best_Sellingbest&t_page=%EB%9E%AD%ED%82%B9&t_click=%ED%8C%90%EB%A7%A4%EB%9E%AD%ED%82%B9_%EC%84%A0%EC%BC%80%EC%96%B4_%EC%83%81%ED%92%88%EC%83%81%EC%84%B8&t_number=14,체이싱래빗,[파데프리/선크림/톤업크림] 체이싱래빗 올어바웃 글로우 커버크림 35g,"20,000원","16,000원","['세일', '오늘드림']",
선케어,https://www.oliveyoung.co.kr/store/goods/getGoodsDetail.do?goodsNo=A000000182782&dispCatNo=90000010009&trackingCd=Best_Sellingbest&t_page=%EB%9E%AD%ED%82%B9&t_click=%ED%8C%90%EB%A7%A4%EB%9E%AD%ED%82%B9_%EC%84%A0%EC%BC%80%EC%96%B4_%EC%83%81%ED%92%88%EC%83%81%EC%84%B8&t_number=15,구달,[6/14 하루특가_스티치에디션] 구달 맑은 어성초 진정 쿨링 선스틱 19g 1+1 기획 (+스티치 스티커 증정),"22,000원","17,900원","['세일', '쿠폰', '오늘드림']",
선케어,https://www.oliveyoung.co.kr/store/goods/getGoodsDetail.do?goodsNo=A000000180237&dispCatNo=90000010009&trackingCd=Best_Sellingbest&t_page=%EB%9E%AD%ED%82%B9&t_click=%ED%8C%90%EB%A7%A4%EB%9E%AD%ED%82%B9_%EC%84%A0%EC%BC%80%EC%96%B4_%EC%83%81%ED%92%88%EC%83%81%EC%84%B8&t_number=16,달바,[베이스착붙] 달바 핑크 톤업 선크림 듀오 기획 (50ml+50ml),"51,000원","35,700원","['세일', '오늘드림']",
선케어,https://www.oliveyoung.co.kr/store/goods/getGoodsDetail.do?goodsNo=A000000200614&dispCatNo=90000010009&trackingCd=Best_Sellingbest&t_page=%EB%9E%AD%ED%82%B9&t_click=%ED%8C%90%EB%A7%A4%EB%9E%AD%ED%82%B9_%EC%84%A0%EC%BC%80%EC%96%B4_%EC%83%81%ED%92%88%EC%83%81%EC%84%B8&t_number=17,달바,[쿨톤보정] 달바 퍼플 톤업 선크림 듀오 기획 (50ml+50ml),"51,000원","35,700원","['세일', '오늘드림']",
선케어,https://www.oliveyoung.co.kr/store/goods/getGoodsDetail.do?goodsNo=A000000228157&dispCatNo=90000010009&trackingCd=Best_Sellingbest&t_page=%EB%9E%AD%ED%82%B9&t_click=%ED%8C%90%EB%A7%A4%EB%9E%AD%ED%82%B9_%EC%84%A0%EC%BC%80%EC%96%B4_%EC%83%81%ED%92%88%EC%83%81%EC%84%B8&t_number=18,식물나라,[6월 올영픽] 식물나라 보송 페이스 앤 바디 선 스틱 30g 1+1 기획,"27,000원","16,920원","['세일', '쿠폰', '오늘드림']",
선케어,https://www.oliveyoung.co.kr/store/goods/getGoodsDetail.do?goodsNo=A000000215422&dispCatNo=90000010009&trackingCd=Best_Sellingbest&t_page=%EB%9E%AD%ED%82%B9&t_click=%ED%8C%90%EB%A7%A4%EB%9E%AD%ED%82%B9_%EC%84%A0%EC%BC%80%EC%96%B4_%EC%83%81%ED%92%88%EC%83%81%EC%84%B8&t_number=19,이지듀,[한가인PICK/기미커버개선] 이지듀 기미 앰플 쿠션 15g,"39,800원","36,860원","['세일', '쿠폰', '오늘드림']",
선케어,https://www.oliveyoung.co.kr/store/goods/getGoodsDetail.do?goodsNo=A000000168740&dispCatNo=90000010009&trackingCd=Best_Sellingbest&t_page=%EB%9E%AD%ED%82%B9&t_click=%ED%8C%90%EB%A7%A4%EB%9E%AD%ED%82%B9_%EC%84%A0%EC%BC%80%EC%96%B4_%EC%83%81%ED%92%88%EC%83%81%EC%84%B8&t_number=20,라운드랩,[6월 올영픽][1+1/안심] 라운드랩 자작나무 무기자차 선크림 50ml 1+1 기획,"25,000원","24,200원","['세일', '쿠폰', '오늘드림']",
선케어,https://www.oliveyoung.co.kr/store/goods/getGoodsDetail.do?goodsNo=A000000208182&dispCatNo=90000010009&trackingCd=Best_Sellingbest&t_page=%EB%9E%AD%ED%82%B9&t_click=%ED%8C%90%EB%A7%A4%EB%9E%AD%ED%82%B9_%EC%84%A0%EC%BC%80%EC%96%B4_%EC%83%81%ED%92%88%EC%83%81%EC%84%B8&t_number=21,에스네이처,[수분쿨링UV/화잘먹] 에스네이처 아쿠아 365 유브이 선크림 40ml 2입,"36,000원","24,900원","['세일', '오늘드림']",
선케어,https://www.oliveyoung.co.kr/store/goods/getGoodsDetail.do?goodsNo=A000000200635&dispCatNo=90000010009&trackingCd=Best_Sellingbest&t_page=%EB%9E%AD%ED%82%B9&t_click=%ED%8C%90%EB%A7%A4%EB%9E%AD%ED%82%B9_%EC%84%A0%EC%BC%80%EC%96%B4_%EC%83%81%ED%92%88%EC%83%81%EC%84%B8&t_number=22,닥터지,[6월 올영픽][화잘먹/수분선] 닥터지 레드 블레미쉬 수딩 업 선 50ml 1+1 기획,"29,000원","17,200원","['세일', '쿠폰', '오늘드림']",
선케어,https://www.oliveyoung.co.kr/store/goods/getGoodsDetail.do?goodsNo=A000000182989&dispCatNo=90000010009&trackingCd=Best_Sellingbest&t_page=%EB%9E%AD%ED%82%B9&t_click=%ED%8C%90%EB%A7%A4%EB%9E%AD%ED%82%B9_%EC%84%A0%EC%BC%80%EC%96%B4_%EC%83%81%ED%92%88%EC%83%81%EC%84%B8&t_number=23,AHC,[보송/1등 노세범] AHC 마스터즈 에어리치 선스틱 22g,"24,000원","18,300원","['세일', '쿠폰', '오늘드림']",
선케어,https://www.oliveyoung.co.kr/store/goods/getGoodsDetail.do?goodsNo=A000000219383&dispCatNo=90000010009&trackingCd=Best_Sellingbest&t_page=%EB%9E%AD%ED%82%B9&t_click=%ED%8C%90%EB%A7%A4%EB%9E%AD%ED%82%B9_%EC%84%A0%EC%BC%80%EC%96%B4_%EC%83%81%ED%92%88%EC%83%81%EC%84%B8&t_number=24,토리든,[6월올영픽/물막선크림] 토리든 다이브인 모이스처 선크림 60ml 1+1 기획,"25,000원","19,000원","['세일', '쿠폰', '오늘드림']",
선케어,https://www.oliveyoung.co.kr/store/goods/getGoodsDetail.do?goodsNo=A000000207901&dispCatNo=90000010009&trackingCd=Best_Sellingbest&t_page=%EB%9E%AD%ED%82%B9&t_click=%ED%8C%90%EB%A7%A4%EB%9E%AD%ED%82%B9_%EC%84%A0%EC%BC%80%EC%96%B4_%EC%83%81%ED%92%88%EC%83%81%EC%84%B8&t_number=25,아누아,[수분 선크림] 아누아 어성초 실키 모이스처 선크림 50ml 더블 기획,"34,900원","24,500원","['세일', '오늘드림']",
선케어,https://www.oliveyoung.co.kr/store/goods/getGoodsDetail.do?goodsNo=A000000219554&dispCatNo=90000010009&trackingCd=Best_Sellingbest&t_page=%EB%9E%AD%ED%82%B9&t_click=%ED%8C%90%EB%A7%A4%EB%9E%AD%ED%82%B9_%EC%84%A0%EC%BC%80%EC%96%B4_%EC%83%81%ED%92%88%EC%83%81%EC%84%B8&t_number=26,구달,[6월 올영픽/스티치에디션] 구달 맑은 어성초 진정 무기자차 선크림 50ml 1+1 기획 (+포캣 파우치 랜덤 증정),"20,000원","16,500원","['세일', '쿠폰', '오늘드림']",
선케어,https://www.oliveyoung.co.kr/store/goods/getGoodsDetail.do?goodsNo=A000000202359&dispCatNo=90000010009&trackingCd=Best_Sellingbest&t_page=%EB%9E%AD%ED%82%B9&t_click=%ED%8C%90%EB%A7%A4%EB%9E%AD%ED%82%B9_%EC%84%A0%EC%BC%80%EC%96%B4_%EC%83%81%ED%92%88%EC%83%81%EC%84%B8&t_number=27,메이크프렘,[생기톤업 무기자차/단독기획] 메이크프렘 수딩 핑크 톤업 선크림 40ml+40ml,"30,000원","25,500원","['세일', '오늘드림']",
선케어,https://www.oliveyoung.co.kr/store/goods/getGoodsDetail.do?goodsNo=A000000209372&dispCatNo=90000010009&trackingCd=Best_Sellingbest&t_page=%EB%9E%AD%ED%82%B9&t_click=%ED%8C%90%EB%A7%A4%EB%9E%AD%ED%82%B9_%EC%84%A0%EC%BC%80%EC%96%B4_%EC%83%81%ED%92%88%EC%83%81%EC%84%B8&t_number=28,프롬리에,[화잘먹/선앰플] 프롬리에 비건 EGF 시카 선앰플 워터/보송/2입 중 택1,"33,000원","23,100원","['세일', '오늘드림']",
선케어,https://www.oliveyoung.co.kr/store/goods/getGoodsDetail.do?goodsNo=A000000226554&dispCatNo=90000010009&trackingCd=Best_Sellingbest&t_page=%EB%9E%AD%ED%82%B9&t_click=%ED%8C%90%EB%A7%A4%EB%9E%AD%ED%82%B9_%EC%84%A0%EC%BC%80%EC%96%B4_%EC%83%81%ED%92%88%EC%83%81%EC%84%B8&t_number=29,브링그린,[쿨링진정/키움 콜라보] 브링그린 티트리시카 선 3종 기획세트 (선쿠션/선스틱/선크림),"36,000원","16,900원","['세일', '쿠폰', '오늘드림']",
선케어,https://www.oliveyoung.co.kr/store/goods/getGoodsDetail.do?goodsNo=A000000179295&dispCatNo=90000010009&trackingCd=Best_Sellingbest&t_page=%EB%9E%AD%ED%82%B9&t_click=%ED%8C%90%EB%A7%A4%EB%9E%AD%ED%82%B9_%EC%84%A0%EC%BC%80%EC%96%B4_%EC%83%81%ED%92%88%EC%83%81%EC%84%B8&t_number=30,톤핏선,[얇착쿠션/다크닝제로] 톤핏선 비건 선쿠션 2종 택1 (핑베톤업/베베톤업) SPF50+ PA++++,"24,000원","19,200원","['세일', '오늘드림']",
선케어,https://www.oliveyoung.co.kr/store/goods/getGoodsDetail.do?goodsNo=A000000221880&dispCatNo=90000010009&trackingCd=Best_Sellingbest&t_page=%EB%9E%AD%ED%82%B9&t_click=%ED%8C%90%EB%A7%A4%EB%9E%AD%ED%82%B9_%EC%84%A0%EC%BC%80%EC%96%B4_%EC%83%81%ED%92%88%EC%83%81%EC%84%B8&t_number=31,식물나라,[6월 올영픽/NEW] 식물나라 제주알로에 쿨링 선 스프레이 (단품/1+1),"14,800원","7,400원","['세일', '쿠폰', '오늘드림']",
선케어,https://www.oliveyoung.co.kr/store/goods/getGoodsDetail.do?goodsNo=A000000223906&dispCatNo=90000010009&trackingCd=Best_Sellingbest&t_page=%EB%9E%AD%ED%82%B9&t_click=%ED%8C%90%EB%A7%A4%EB%9E%AD%ED%82%B9_%EC%84%A0%EC%BC%80%EC%96%B4_%EC%83%81%ED%92%88%EC%83%81%EC%84%B8&t_number=32,식물나라,[6월 올영픽/온가족 선크림] 식물나라 가벼운 수분 선 젤 (2개입/증정기획),"25,800원","14,630원","['세일', '쿠폰', '오늘드림']",
선케어,https://www.oliveyoung.co.kr/store/goods/getGoodsDetail.do?goodsNo=A000000151904&dispCatNo=90000010009&trackingCd=Best_Sellingbest&t_page=%EB%9E%AD%ED%82%B9&t_click=%ED%8C%90%EB%A7%A4%EB%9E%AD%ED%82%B9_%EC%84%A0%EC%BC%80%EC%96%B4_%EC%83%81%ED%92%88%EC%83%81%EC%84%B8&t_number=33,식물나라,[6월 올영픽/대용량] 식물나라 워터프루프 선 크림 100mL,"19,000원","9,800원","['세일', '쿠폰', '오늘드림']",
선케어,https://www.oliveyoung.co.kr/store/goods/getGoodsDetail.do?goodsNo=A000000224657&dispCatNo=90000010009&trackingCd=Best_Sellingbest&t_page=%EB%9E%AD%ED%82%B9&t_click=%ED%8C%90%EB%A7%A4%EB%9E%AD%ED%82%B9_%EC%84%A0%EC%BC%80%EC%96%B4_%EC%83%81%ED%92%88%EC%83%81%EC%84%B8&t_number=34,조선미녀,[NEW/단독기획] 조선미녀 맑은쌀 선크림 50ml 기획 (+10ml*2개),"20,000원","13,900원","['세일', '쿠폰', '오늘드림']",
선케어,https://www.oliveyoung.co.kr/store/goods/getGoodsDetail.do?goodsNo=A000000222724&dispCatNo=90000010009&trackingCd=Best_Sellingbest&t_page=%EB%9E%AD%ED%82%B9&t_click=%ED%8C%90%EB%A7%A4%EB%9E%AD%ED%82%B9_%EC%84%A0%EC%BC%80%EC%96%B4_%EC%83%81%ED%92%88%EC%83%81%EC%84%B8&t_number=35,닥터지,[6월 올영픽][여단오PICK/잡티미백/화잘먹] 닥터지 비타 클리어 선세럼 2종 (1+1/단품),"32,000원","23,000원","['세일', '쿠폰', '오늘드림']",
선케어,https://www.oliveyoung.co.kr/store/goods/getGoodsDetail.do?goodsNo=A000000209219&dispCatNo=90000010009&trackingCd=Best_Sellingbest&t_page=%EB%9E%AD%ED%82%B9&t_click=%ED%8C%90%EB%A7%A4%EB%9E%AD%ED%82%B9_%EC%84%A0%EC%BC%80%EC%96%B4_%EC%83%81%ED%92%88%EC%83%81%EC%84%B8&t_number=36,아이레놀,"[포니PICK] 아이레놀 쌩얼크림 2종 50ml (SPF 50+,PA++++)","19,800원","18,800원","['세일', '오늘드림']",
선케어,https://www.oliveyoung.co.kr/store/goods/getGoodsDetail.do?goodsNo=A000000206826&dispCatNo=90000010009&trackingCd=Best_Sellingbest&t_page=%EB%9E%AD%ED%82%B9&t_click=%ED%8C%90%EB%A7%A4%EB%9E%AD%ED%82%B9_%EC%84%A0%EC%BC%80%EC%96%B4_%EC%83%81%ED%92%88%EC%83%81%EC%84%B8&t_number=37,에스트라,(50%용량증정)에스트라 더마UV365 장벽수분 무기자차 선크림 40ml+20ml 기획,,"31,000원",['오늘드림'],
선케어,https://www.oliveyoung.co.kr/store/goods/getGoodsDetail.do?goodsNo=A000000202400&dispCatNo=90000010009&trackingCd=Best_Sellingbest&t_page=%EB%9E%AD%ED%82%B9&t_click=%ED%8C%90%EB%A7%A4%EB%9E%AD%ED%82%B9_%EC%84%A0%EC%BC%80%EC%96%B4_%EC%83%81%ED%92%88%EC%83%81%EC%84%B8&t_number=38,큐어,[대용량 더블] 김정문알로에 큐어 워터 스플래쉬 쿨링 선스틱 2입(23g + 23g) [얼음자차],,"25,900원",['오늘드림'],
선케어,https://www.oliveyoung.co.kr/store/goods/getGoodsDetail.do?goodsNo=A000000218862&dispCatNo=90000010009&trackingCd=Best_Sellingbest&t_page=%EB%9E%AD%ED%82%B9&t_click=%ED%8C%90%EB%A7%A4%EB%9E%AD%ED%82%B9_%EC%84%A0%EC%BC%80%EC%96%B4_%EC%83%81%ED%92%88%EC%83%81%EC%84%B8&t_number=39,달바,[붉은기보정] 달바 그린 톤업 선크림 듀오 기획 (50ml+50ml),"51,000원","35,700원","['세일', '오늘드림']",
선케어,https://www.oliveyoung.co.kr/store/goods/getGoodsDetail.do?goodsNo=A000000219928&dispCatNo=90000010009&trackingCd=Best_Sellingbest&t_page=%EB%9E%AD%ED%82%B9&t_click=%ED%8C%90%EB%A7%A4%EB%9E%AD%ED%82%B9_%EC%84%A0%EC%BC%80%EC%96%B4_%EC%83%81%ED%92%88%EC%83%81%EC%84%B8&t_number=40,식물나라,[6월 올영픽] 식물나라 뽀얀쌀 생기 톤업 선 쿠션 4종 택1 (리필 기획),"23,800원","14,220원","['세일', '쿠폰', '오늘드림']",
선케어,https://www.oliveyoung.co.kr/store/goods/getGoodsDetail.do?goodsNo=A000000218955&dispCatNo=90000010009&trackingCd=Best_Sellingbest&t_page=%EB%9E%AD%ED%82%B9&t_click=%ED%8C%90%EB%A7%A4%EB%9E%AD%ED%82%B9_%EC%84%A0%EC%BC%80%EC%96%B4_%EC%83%81%ED%92%88%EC%83%81%EC%84%B8&t_number=41,비플레인,[촉촉쿨링선/1+1] 비플레인 녹두 쿨링 수분 선크림 50ml 1+1 기획,"25,000원","23,750원","['세일', '오늘드림']",
선케어,https://www.oliveyoung.co.kr/store/goods/getGoodsDetail.do?goodsNo=A000000221881&dispCatNo=90000010009&trackingCd=Best_Sellingbest&t_page=%EB%9E%AD%ED%82%B9&t_click=%ED%8C%90%EB%A7%A4%EB%9E%AD%ED%82%B9_%EC%84%A0%EC%BC%80%EC%96%B4_%EC%83%81%ED%92%88%EC%83%81%EC%84%B8&t_number=42,식물나라,[6월 올영픽/NEW] 식물나라 제주알로에 쿨링 선 스틱 (단품 /리필 기획),"19,800원","9,200원","['세일', '쿠폰', '오늘드림']",
선케어,https://www.oliveyoung.co.kr/store/goods/getGoodsDetail.do?goodsNo=A000000184159&dispCatNo=90000010009&trackingCd=Best_Sellingbest&t_page=%EB%9E%AD%ED%82%B9&t_click=%ED%8C%90%EB%A7%A4%EB%9E%AD%ED%82%B9_%EC%84%A0%EC%BC%80%EC%96%B4_%EC%83%81%ED%92%88%EC%83%81%EC%84%B8&t_number=43,메이크프렘,[뽀송 무기자차/단독기획] 메이크프렘 유브이 디펜스 미 노세범 선크림 40ml+40ml,,"28,000원",['오늘드림'],
선케어,https://www.oliveyoung.co.kr/store/goods/getGoodsDetail.do?goodsNo=A000000221882&dispCatNo=90000010009&trackingCd=Best_Sellingbest&t_page=%EB%9E%AD%ED%82%B9&t_click=%ED%8C%90%EB%A7%A4%EB%9E%AD%ED%82%B9_%EC%84%A0%EC%BC%80%EC%96%B4_%EC%83%81%ED%92%88%EC%83%81%EC%84%B8&t_number=44,식물나라,[6월 올영픽/대용량] 식물나라 저자극 페이스 앤 바디 선 크림 150ml,"19,800원","11,000원","['세일', '쿠폰', '오늘드림']",
선케어,https://www.oliveyoung.co.kr/store/goods/getGoodsDetail.do?goodsNo=A000000203118&dispCatNo=90000010009&trackingCd=Best_Sellingbest&t_page=%EB%9E%AD%ED%82%B9&t_click=%ED%8C%90%EB%A7%A4%EB%9E%AD%ED%82%B9_%EC%84%A0%EC%BC%80%EC%96%B4_%EC%83%81%ED%92%88%EC%83%81%EC%84%B8&t_number=45,프리메라,[더블기획] 프리메라 리페어링 세라캡슐 UV프로텍터 톤업 프라이밍 40ml+40ml,"47,000원","29,900원","['세일', '쿠폰', '오늘드림']",
선케어,https://www.oliveyoung.co.kr/store/goods/getGoodsDetail.do?goodsNo=A000000220722&dispCatNo=90000010009&trackingCd=Best_Sellingbest&t_page=%EB%9E%AD%ED%82%B9&t_click=%ED%8C%90%EB%A7%A4%EB%9E%AD%ED%82%B9_%EC%84%A0%EC%BC%80%EC%96%B4_%EC%83%81%ED%92%88%EC%83%81%EC%84%B8&t_number=46,아넷사,아넷사 퍼펙트 UV 선스크린 스킨케어 밀크 60ml 기획 (+12ml*2ea),"37,000원","33,300원","['세일', '오늘드림']",
선케어,https://www.oliveyoung.co.kr/store/goods/getGoodsDetail.do?goodsNo=A000000203076&dispCatNo=90000010009&trackingCd=Best_Sellingbest&t_page=%EB%9E%AD%ED%82%B9&t_click=%ED%8C%90%EB%A7%A4%EB%9E%AD%ED%82%B9_%EC%84%A0%EC%BC%80%EC%96%B4_%EC%83%81%ED%92%88%EC%83%81%EC%84%B8&t_number=47,브링그린,[1+1] 브링그린 티트리시카 선 3종 단품 (선크림/선스틱/선쿠션),"20,000원","18,000원","['1+1', '쿠폰', '오늘드림']",
선케어,https://www.oliveyoung.co.kr/store/goods/getGoodsDetail.do?goodsNo=A000000224815&dispCatNo=90000010009&trackingCd=Best_Sellingbest&t_page=%EB%9E%AD%ED%82%B9&t_click=%ED%8C%90%EB%A7%A4%EB%9E%AD%ED%82%B9_%EC%84%A0%EC%BC%80%EC%96%B4_%EC%83%81%ED%92%88%EC%83%81%EC%84%B8&t_number=48,셀퓨전씨,[화잘먹썬/밀착보송] 셀퓨전씨 레이저 UV 썬스크린 35ml+35ml (+2주 체험키트) 기획세트,"29,400원","21,100원","['세일', '쿠폰', '오늘드림']",
선케어,https://www.oliveyoung.co.kr/store/goods/getGoodsDetail.do?goodsNo=A000000204081&dispCatNo=90000010009&trackingCd=Best_Sellingbest&t_page=%EB%9E%AD%ED%82%B9&t_click=%ED%8C%90%EB%A7%A4%EB%9E%AD%ED%82%B9_%EC%84%A0%EC%BC%80%EC%96%B4_%EC%83%81%ED%92%88%EC%83%81%EC%84%B8&t_number=49,아누아,[파데프리 선크림] 아누아 매트벗글로우 커버 베이지 50ml,"28,000원","19,500원","['세일', '오늘드림']",
선케어,https://www.oliveyoung.co.kr/store/goods/getGoodsDetail.do?goodsNo=A000000200647&dispCatNo=90000010009&trackingCd=Best_Sellingbest&t_page=%EB%9E%AD%ED%82%B9&t_click=%ED%8C%90%EB%A7%A4%EB%9E%AD%ED%82%B9_%EC%84%A0%EC%BC%80%EC%96%B4_%EC%83%81%ED%92%88%EC%83%81%EC%84%B8&t_number=50,아떼,[콜라보/+한정수량 증정] 아떼 비건 릴리프 무기자차 선크림 50ml 마루 기획 2종,,"34,000원",['오늘드림'],
선케어,https://www.oliveyoung.co.kr/store/goods/getGoodsDetail.do?goodsNo=A000000184353&dispCatNo=90000010009&trackingCd=Best_Sellingbest&t_page=%EB%9E%AD%ED%82%B9&t_click=%ED%8C%90%EB%A7%A4%EB%9E%AD%ED%82%B9_%EC%84%A0%EC%BC%80%EC%96%B4_%EC%83%81%ED%92%88%EC%83%81%EC%84%B8&t_number=51,넘버즈인,[더블기획] 넘버즈인 3번 도자기결 파데스킵 톤업베이지 35ml+35ml (SPF50+ PA++++),,"26,000원",['오늘드림'],
선케어,https://www.oliveyoung.co.kr/store/goods/getGoodsDetail.do?goodsNo=A000000149135&dispCatNo=90000010009&trackingCd=Best_Sellingbest&t_page=%EB%9E%AD%ED%82%B9&t_click=%ED%8C%90%EB%A7%A4%EB%9E%AD%ED%82%B9_%EC%84%A0%EC%BC%80%EC%96%B4_%EC%83%81%ED%92%88%EC%83%81%EC%84%B8&t_number=52,라운드랩,[1등썬] 라운드랩 자작나무 수분 선크림 50ml 기획 (+클렌저 20ml),"25,000원","17,500원","['세일', '오늘드림']",
선케어,https://www.oliveyoung.co.kr/store/goods/getGoodsDetail.do?goodsNo=A000000224140&dispCatNo=90000010009&trackingCd=Best_Sellingbest&t_page=%EB%9E%AD%ED%82%B9&t_click=%ED%8C%90%EB%A7%A4%EB%9E%AD%ED%82%B9_%EC%84%A0%EC%BC%80%EC%96%B4_%EC%83%81%ED%92%88%EC%83%81%EC%84%B8&t_number=53,차앤박,[보송핑크톤업] 차앤박 애프터레이 톤업 프로텍션 선 50ml 더블기획,"30,000원","25,500원","['세일', '오늘드림']",
선케어,https://www.oliveyoung.co.kr/store/goods/getGoodsDetail.do?goodsNo=A000000166296&dispCatNo=90000010009&trackingCd=Best_Sellingbest&t_page=%EB%9E%AD%ED%82%B9&t_click=%ED%8C%90%EB%A7%A4%EB%9E%AD%ED%82%B9_%EC%84%A0%EC%BC%80%EC%96%B4_%EC%83%81%ED%92%88%EC%83%81%EC%84%B8&t_number=54,식물나라,[6월 올영픽] 식물나라 보송/쿨링 선 스틱 2종 (단품/1+1),"19,800원","15,010원","['세일', '쿠폰', '오늘드림']",
선케어,https://www.oliveyoung.co.kr/store/goods/getGoodsDetail.do?goodsNo=A000000169499&dispCatNo=90000010009&trackingCd=Best_Sellingbest&t_page=%EB%9E%AD%ED%82%B9&t_click=%ED%8C%90%EB%A7%A4%EB%9E%AD%ED%82%B9_%EC%84%A0%EC%BC%80%EC%96%B4_%EC%83%81%ED%92%88%EC%83%81%EC%84%B8&t_number=55,스킨1004,[수분 선크림]스킨1004 마다가스카르 센텔라 히알루-시카 워터핏 선세럼 50ml,"19,000원","14,000원","['세일', '오늘드림']",
선케어,https://www.oliveyoung.co.kr/store/goods/getGoodsDetail.do?goodsNo=A000000184352&dispCatNo=90000010009&trackingCd=Best_Sellingbest&t_page=%EB%9E%AD%ED%82%B9&t_click=%ED%8C%90%EB%A7%A4%EB%9E%AD%ED%82%B9_%EC%84%A0%EC%BC%80%EC%96%B4_%EC%83%81%ED%92%88%EC%83%81%EC%84%B8&t_number=56,넘버즈인,[1+1 기획] 넘버즈인 1번 청초 진정맑은 물막선크림 50ml+50ml 듀오기획 (SPF50+PA++++),,"29,000원",['오늘드림'],
선케어,https://www.oliveyoung.co.kr/store/goods/getGoodsDetail.do?goodsNo=A000000219496&dispCatNo=90000010009&trackingCd=Best_Sellingbest&t_page=%EB%9E%AD%ED%82%B9&t_click=%ED%8C%90%EB%A7%A4%EB%9E%AD%ED%82%B9_%EC%84%A0%EC%BC%80%EC%96%B4_%EC%83%81%ED%92%88%EC%83%81%EC%84%B8&t_number=57,토리든,[수딩쿨링/1+1] 토리든 다이브인 모이스처 수딩 선스틱 19g 1+1 기획,"36,000원","21,600원","['세일', '오늘드림']",
선케어,https://www.oliveyoung.co.kr/store/goods/getGoodsDetail.do?goodsNo=A000000209917&dispCatNo=90000010009&trackingCd=Best_Sellingbest&t_page=%EB%9E%AD%ED%82%B9&t_click=%ED%8C%90%EB%A7%A4%EB%9E%AD%ED%82%B9_%EC%84%A0%EC%BC%80%EC%96%B4_%EC%83%81%ED%92%88%EC%83%81%EC%84%B8&t_number=58,제로이드,제로이드 데일리 선크림 50ml,,"32,000원",['오늘드림'],
선케어,https://www.oliveyoung.co.kr/store/goods/getGoodsDetail.do?goodsNo=A000000123594&dispCatNo=90000010009&trackingCd=Best_Sellingbest&t_page=%EB%9E%AD%ED%82%B9&t_click=%ED%8C%90%EB%A7%A4%EB%9E%AD%ED%82%B9_%EC%84%A0%EC%BC%80%EC%96%B4_%EC%83%81%ED%92%88%EC%83%81%EC%84%B8&t_number=59,셀퓨전씨,[산뜻보송선스틱/UV에이징케어] 셀퓨전씨 스틱 썬스크린 19g (SPF50+/PA++++),"25,000원","15,000원","['세일', '쿠폰', '오늘드림']",
선케어,https://www.oliveyoung.co.kr/store/goods/getGoodsDetail.do?goodsNo=A000000218008&dispCatNo=90000010009&trackingCd=Best_Sellingbest&t_page=%EB%9E%AD%ED%82%B9&t_click=%ED%8C%90%EB%A7%A4%EB%9E%AD%ED%82%B9_%EC%84%A0%EC%BC%80%EC%96%B4_%EC%83%81%ED%92%88%EC%83%81%EC%84%B8&t_number=60,구달,[스티치에디션/그린톤업] 구달 어성초 진정 그린 톤업 선크림 50ml 1+1 기획 (+포캣 파우치 랜덤 증정),"22,000원","17,900원","['세일', '오늘드림']",
선케어,https://www.oliveyoung.co.kr/store/goods/getGoodsDetail.do?goodsNo=A000000179353&dispCatNo=90000010009&trackingCd=Best_Sellingbest&t_page=%EB%9E%AD%ED%82%B9&t_click=%ED%8C%90%EB%A7%A4%EB%9E%AD%ED%82%B9_%EC%84%A0%EC%BC%80%EC%96%B4_%EC%83%81%ED%92%88%EC%83%81%EC%84%B8&t_number=61,에스쁘아,[톤업선크림/증량기획] 에스쁘아 워터 스플래쉬 선크림 세라마이드 60ml (+20ml 추가 증정),"22,000원","17,600원","['세일', '오늘드림']",
선케어,https://www.oliveyoung.co.kr/store/goods/getGoodsDetail.do?goodsNo=A000000218812&dispCatNo=90000010009&trackingCd=Best_Sellingbest&t_page=%EB%9E%AD%ED%82%B9&t_click=%ED%8C%90%EB%A7%A4%EB%9E%AD%ED%82%B9_%EC%84%A0%EC%BC%80%EC%96%B4_%EC%83%81%ED%92%88%EC%83%81%EC%84%B8&t_number=62,셀퓨전씨,[NEW내추럴톤업/매끈결광] 셀퓨전씨 잡티 토닝 썬스크린 35ml 더블기획 (UV에이징케어),"27,900원","21,700원","['세일', '쿠폰', '오늘드림']",
선케어,https://www.oliveyoung.co.kr/store/goods/getGoodsDetail.do?goodsNo=A000000224818&dispCatNo=90000010009&trackingCd=Best_Sellingbest&t_page=%EB%9E%AD%ED%82%B9&t_click=%ED%8C%90%EB%A7%A4%EB%9E%AD%ED%82%B9_%EC%84%A0%EC%BC%80%EC%96%B4_%EC%83%81%ED%92%88%EC%83%81%EC%84%B8&t_number=63,셀퓨전씨,[NEW촉촉톤업/파데프리] 셀퓨전씨 잡티 토닝 썬스크린 35ml+35ml (+2주 체험키트) 기획세트,"27,900원","21,700원","['세일', '쿠폰', '오늘드림']",
선케어,https://www.oliveyoung.co.kr/store/goods/getGoodsDetail.do?goodsNo=A000000225573&dispCatNo=90000010009&trackingCd=Best_Sellingbest&t_page=%EB%9E%AD%ED%82%B9&t_click=%ED%8C%90%EB%A7%A4%EB%9E%AD%ED%82%B9_%EC%84%A0%EC%BC%80%EC%96%B4_%EC%83%81%ED%92%88%EC%83%81%EC%84%B8&t_number=64,조선미녀,[NEW/톤핏팅선세럼] 조선미녀 데일리 틴티드 선세럼 50ml,"20,000원","15,000원","['세일', '쿠폰', '오늘드림']",
선케어,https://www.oliveyoung.co.kr/store/goods/getGoodsDetail.do?goodsNo=A000000187473&dispCatNo=90000010009&trackingCd=Best_Sellingbest&t_page=%EB%9E%AD%ED%82%B9&t_click=%ED%8C%90%EB%A7%A4%EB%9E%AD%ED%82%B9_%EC%84%A0%EC%BC%80%EC%96%B4_%EC%83%81%ED%92%88%EC%83%81%EC%84%B8&t_number=65,달바,[간편생기톤업썬] 달바 워터풀 톤업 선 쿠션 듀오 기획(15g+15g),"52,500원","42,000원","['세일', '오늘드림']",
선케어,https://www.oliveyoung.co.kr/store/goods/getGoodsDetail.do?goodsNo=A000000009097&dispCatNo=90000010009&trackingCd=Best_Sellingbest&t_page=%EB%9E%AD%ED%82%B9&t_click=%ED%8C%90%EB%A7%A4%EB%9E%AD%ED%82%B9_%EC%84%A0%EC%BC%80%EC%96%B4_%EC%83%81%ED%92%88%EC%83%81%EC%84%B8&t_number=66,아로마티카,[쿨링진정] 아로마티카 수딩 알로에 베라 젤 300ml/ 대용량 500ml 택 1,,"11,000원",['오늘드림'],
선케어,https://www.oliveyoung.co.kr/store/goods/getGoodsDetail.do?goodsNo=A000000150730&dispCatNo=90000010009&trackingCd=Best_Sellingbest&t_page=%EB%9E%AD%ED%82%B9&t_click=%ED%8C%90%EB%A7%A4%EB%9E%AD%ED%82%B9_%EC%84%A0%EC%BC%80%EC%96%B4_%EC%83%81%ED%92%88%EC%83%81%EC%84%B8&t_number=67,닥터지,[무기자차/5중보호] 닥터지 그린마일드 업 선스틱 20g,"25,000원","15,750원","['세일', '쿠폰', '오늘드림']",
선케어,https://www.oliveyoung.co.kr/store/goods/getGoodsDetail.do?goodsNo=A000000173774&dispCatNo=90000010009&trackingCd=Best_Sellingbest&t_page=%EB%9E%AD%ED%82%B9&t_click=%ED%8C%90%EB%A7%A4%EB%9E%AD%ED%82%B9_%EC%84%A0%EC%BC%80%EC%96%B4_%EC%83%81%ED%92%88%EC%83%81%EC%84%B8&t_number=68,토리든,[무기자차/단독증량기획] 토리든 다이브인 무기자차 마일드 선크림 60ml 기획 (+20ml 추가 증정),"25,000원","17,500원","['세일', '오늘드림']",
선케어,https://www.oliveyoung.co.kr/store/goods/getGoodsDetail.do?goodsNo=A000000218813&dispCatNo=90000010009&trackingCd=Best_Sellingbest&t_page=%EB%9E%AD%ED%82%B9&t_click=%ED%8C%90%EB%A7%A4%EB%9E%AD%ED%82%B9_%EC%84%A0%EC%BC%80%EC%96%B4_%EC%83%81%ED%92%88%EC%83%81%EC%84%B8&t_number=69,셀퓨전씨,[NEW즉각쿨링/촉촉수분] 셀퓨전씨 아쿠아티카 쿨링 썬스크린 35ml 더블기획 (UV에이징케어),"27,900원","19,800원","['세일', '쿠폰', '오늘드림']",
선케어,https://www.oliveyoung.co.kr/store/goods/getGoodsDetail.do?goodsNo=A000000212555&dispCatNo=90000010009&trackingCd=Best_Sellingbest&t_page=%EB%9E%AD%ED%82%B9&t_click=%ED%8C%90%EB%A7%A4%EB%9E%AD%ED%82%B9_%EC%84%A0%EC%BC%80%EC%96%B4_%EC%83%81%ED%92%88%EC%83%81%EC%84%B8&t_number=70,식물나라,[6월 올영픽] 식물나라 워터프루프 선 스프레이 SPF50+PA++++ (단품/1+1),"14,800원","7,400원","['세일', '쿠폰', '오늘드림']",
선케어,https://www.oliveyoung.co.kr/store/goods/getGoodsDetail.do?goodsNo=A000000198631&dispCatNo=90000010009&trackingCd=Best_Sellingbest&t_page=%EB%9E%AD%ED%82%B9&t_click=%ED%8C%90%EB%A7%A4%EB%9E%AD%ED%82%B9_%EC%84%A0%EC%BC%80%EC%96%B4_%EC%83%81%ED%92%88%EC%83%81%EC%84%B8&t_number=71,식물나라,식물나라 제주 알로에 촉촉 수딩젤 200ml 2입,"9,800원","7,410원","['세일', '쿠폰', '오늘드림']",
선케어,https://www.oliveyoung.co.kr/store/goods/getGoodsDetail.do?goodsNo=A000000219051&dispCatNo=90000010009&trackingCd=Best_Sellingbest&t_page=%EB%9E%AD%ED%82%B9&t_click=%ED%8C%90%EB%A7%A4%EB%9E%AD%ED%82%B9_%EC%84%A0%EC%BC%80%EC%96%B4_%EC%83%81%ED%92%88%EC%83%81%EC%84%B8&t_number=72,비플레인,[보라톤업] 비플레인 선뮤즈 톤업 앤 코렉팅 선크림 50ml 1+1 기획,"26,000원","24,700원","['세일', '오늘드림']",
선케어,https://www.oliveyoung.co.kr/store/goods/getGoodsDetail.do?goodsNo=A000000224289&dispCatNo=90000010009&trackingCd=Best_Sellingbest&t_page=%EB%9E%AD%ED%82%B9&t_click=%ED%8C%90%EB%A7%A4%EB%9E%AD%ED%82%B9_%EC%84%A0%EC%BC%80%EC%96%B4_%EC%83%81%ED%92%88%EC%83%81%EC%84%B8&t_number=73,라로슈포제,[파데프리/리뉴얼런칭] 라로슈포제 유비데아 톤업 로지 글로우 30ml,,"37,000원",['오늘드림'],
선케어,https://www.oliveyoung.co.kr/store/goods/getGoodsDetail.do?goodsNo=A000000223738&dispCatNo=90000010009&trackingCd=Best_Sellingbest&t_page=%EB%9E%AD%ED%82%B9&t_click=%ED%8C%90%EB%A7%A4%EB%9E%AD%ED%82%B9_%EC%84%A0%EC%BC%80%EC%96%B4_%EC%83%81%ED%92%88%EC%83%81%EC%84%B8&t_number=74,아비브,아비브 선크림 3종 택1 (수분/저자극/톤업),,"25,000원",['오늘드림'],
선케어,https://www.oliveyoung.co.kr/store/goods/getGoodsDetail.do?goodsNo=A000000219488&dispCatNo=90000010009&trackingCd=Best_Sellingbest&t_page=%EB%9E%AD%ED%82%B9&t_click=%ED%8C%90%EB%A7%A4%EB%9E%AD%ED%82%B9_%EC%84%A0%EC%BC%80%EC%96%B4_%EC%83%81%ED%92%88%EC%83%81%EC%84%B8&t_number=75,라네즈,[품절대란/원지선크림] 라네즈 워터뱅크 UV 베리어 선크림,"28,000원","23,800원","['세일', '오늘드림']",
선케어,https://www.oliveyoung.co.kr/store/goods/getGoodsDetail.do?goodsNo=A000000223292&dispCatNo=90000010009&trackingCd=Best_Sellingbest&t_page=%EB%9E%AD%ED%82%B9&t_click=%ED%8C%90%EB%A7%A4%EB%9E%AD%ED%82%B9_%EC%84%A0%EC%BC%80%EC%96%B4_%EC%83%81%ED%92%88%EC%83%81%EC%84%B8&t_number=76,니베아,[NEW/1+1] 니베아 선 울트라 센서티브 선 로션 200ml,,"23,800원","['1+1', '오늘드림']",
선케어,https://www.oliveyoung.co.kr/store/goods/getGoodsDetail.do?goodsNo=A000000228438&dispCatNo=90000010009&trackingCd=Best_Sellingbest&t_page=%EB%9E%AD%ED%82%B9&t_click=%ED%8C%90%EB%A7%A4%EB%9E%AD%ED%82%B9_%EC%84%A0%EC%BC%80%EC%96%B4_%EC%83%81%ED%92%88%EC%83%81%EC%84%B8&t_number=77,바이오더마,[NEW/ 온라인 단독] 바이오더마 시카비오 크림+ SPF 50+ 40ml 기획 (+센시비오H2O 100ml),"34,000원","23,800원","['쿠폰', '오늘드림']",
선케어,https://www.oliveyoung.co.kr/store/goods/getGoodsDetail.do?goodsNo=A000000217998&dispCatNo=90000010009&trackingCd=Best_Sellingbest&t_page=%EB%9E%AD%ED%82%B9&t_click=%ED%8C%90%EB%A7%A4%EB%9E%AD%ED%82%B9_%EC%84%A0%EC%BC%80%EC%96%B4_%EC%83%81%ED%92%88%EC%83%81%EC%84%B8&t_number=78,구달,[스티치에디션/탄력광채] 구달 어성초 진정 히알루론 선세럼 50ml + 20ml 기획세트 (+포캣 파우치 랜덤 증정),"26,000원","19,500원","['세일', '오늘드림']",
선케어,https://www.oliveyoung.co.kr/store/goods/getGoodsDetail.do?goodsNo=A000000204471&dispCatNo=90000010009&trackingCd=Best_Sellingbest&t_page=%EB%9E%AD%ED%82%B9&t_click=%ED%8C%90%EB%A7%A4%EB%9E%AD%ED%82%B9_%EC%84%A0%EC%BC%80%EC%96%B4_%EC%83%81%ED%92%88%EC%83%81%EC%84%B8&t_number=79,아누아,[파데프리 선크림] 아누아 매트벗글로우 커버 베이지 50ml 2입,"51,000원","34,900원","['세일', '오늘드림']",
선케어,https://www.oliveyoung.co.kr/store/goods/getGoodsDetail.do?goodsNo=A000000180506&dispCatNo=90000010009&trackingCd=Best_Sellingbest&t_page=%EB%9E%AD%ED%82%B9&t_click=%ED%8C%90%EB%A7%A4%EB%9E%AD%ED%82%B9_%EC%84%A0%EC%BC%80%EC%96%B4_%EC%83%81%ED%92%88%EC%83%81%EC%84%B8&t_number=80,아떼,[콜라보/+한정수량 증정] 아떼 비건 릴리프 선 에센스EX 50ml 마루 기획 2종,,"34,000원",['오늘드림'],
선케어,https://www.oliveyoung.co.kr/store/goods/getGoodsDetail.do?goodsNo=A000000210862&dispCatNo=90000010009&trackingCd=Best_Sellingbest&t_page=%EB%9E%AD%ED%82%B9&t_click=%ED%8C%90%EB%A7%A4%EB%9E%AD%ED%82%B9_%EC%84%A0%EC%BC%80%EC%96%B4_%EC%83%81%ED%92%88%EC%83%81%EC%84%B8&t_number=81,유이크,[라이즈pick/메이크업착붙] 유이크 바이옴 레미디 톤업 선크림 50ml,"27,000원","21,600원","['세일', '오늘드림']",
선케어,https://www.oliveyoung.co.kr/store/goods/getGoodsDetail.do?goodsNo=A000000217330&dispCatNo=90000010009&trackingCd=Best_Sellingbest&t_page=%EB%9E%AD%ED%82%B9&t_click=%ED%8C%90%EB%A7%A4%EB%9E%AD%ED%82%B9_%EC%84%A0%EC%BC%80%EC%96%B4_%EC%83%81%ED%92%88%EC%83%81%EC%84%B8&t_number=82,식물나라,[6월 올영픽] 식물나라 뽀얀쌀 수분 선크림 100ml (생기 톤업/보라 톤업),"18,500원","9,800원","['세일', '쿠폰', '오늘드림']",
선케어,https://www.oliveyoung.co.kr/store/goods/getGoodsDetail.do?goodsNo=A000000211648&dispCatNo=90000010009&trackingCd=Best_Sellingbest&t_page=%EB%9E%AD%ED%82%B9&t_click=%ED%8C%90%EB%A7%A4%EB%9E%AD%ED%82%B9_%EC%84%A0%EC%BC%80%EC%96%B4_%EC%83%81%ED%92%88%EC%83%81%EC%84%B8&t_number=83,가히,[NEW] 가히 에어리 핏 선스틱 14g 더블 기획,"36,000원","32,400원","['세일', '오늘드림']",
선케어,https://www.oliveyoung.co.kr/store/goods/getGoodsDetail.do?goodsNo=A000000209916&dispCatNo=90000010009&trackingCd=Best_Sellingbest&t_page=%EB%9E%AD%ED%82%B9&t_click=%ED%8C%90%EB%A7%A4%EB%9E%AD%ED%82%B9_%EC%84%A0%EC%BC%80%EC%96%B4_%EC%83%81%ED%92%88%EC%83%81%EC%84%B8&t_number=84,제로이드,제로이드 모이스처 리페어 선크림 50ml,"32,000원","25,600원","['세일', '오늘드림']",
선케어,https://www.oliveyoung.co.kr/store/goods/getGoodsDetail.do?goodsNo=A000000163578&dispCatNo=90000010009&trackingCd=Best_Sellingbest&t_page=%EB%9E%AD%ED%82%B9&t_click=%ED%8C%90%EB%A7%A4%EB%9E%AD%ED%82%B9_%EC%84%A0%EC%BC%80%EC%96%B4_%EC%83%81%ED%92%88%EC%83%81%EC%84%B8&t_number=85,듀이트리,[쿨링/보송]듀이트리 어반쉐이드 쿨 카밍 선스틱 20g,"24,000원","12,000원","['세일', '오늘드림']",
선케어,https://www.oliveyoung.co.kr/store/goods/getGoodsDetail.do?goodsNo=A000000211309&dispCatNo=90000010009&trackingCd=Best_Sellingbest&t_page=%EB%9E%AD%ED%82%B9&t_click=%ED%8C%90%EB%A7%A4%EB%9E%AD%ED%82%B9_%EC%84%A0%EC%BC%80%EC%96%B4_%EC%83%81%ED%92%88%EC%83%81%EC%84%B8&t_number=86,코스알엑스,[1+1/투명선세럼] 코스알엑스 울트라 라이트 물막 수분 선세럼 50ml 더블기획,"22,000원","21,000원","['세일', '오늘드림']",
선케어,https://www.oliveyoung.co.kr/store/goods/getGoodsDetail.do?goodsNo=A000000201312&dispCatNo=90000010009&trackingCd=Best_Sellingbest&t_page=%EB%9E%AD%ED%82%B9&t_click=%ED%8C%90%EB%A7%A4%EB%9E%AD%ED%82%B9_%EC%84%A0%EC%BC%80%EC%96%B4_%EC%83%81%ED%92%88%EC%83%81%EC%84%B8&t_number=87,에이지투웨니스,[단독기획/나이스웨더콜라보] AGE20S 선 에센스 팩트 무기자차 카밍 기획 (본품+리필+키링백),,"32,000원",['오늘드림'],
선케어,https://www.oliveyoung.co.kr/store/goods/getGoodsDetail.do?goodsNo=A000000206827&dispCatNo=90000010009&trackingCd=Best_Sellingbest&t_page=%EB%9E%AD%ED%82%B9&t_click=%ED%8C%90%EB%A7%A4%EB%9E%AD%ED%82%B9_%EC%84%A0%EC%BC%80%EC%96%B4_%EC%83%81%ED%92%88%EC%83%81%EC%84%B8&t_number=88,에스트라,에스트라 더마UV365 레드진정 톤업 선크림 40ml 기획 (+무기자차 선크림 20ml),"31,000원","24,800원","['세일', '오늘드림']",
선케어,https://www.oliveyoung.co.kr/store/goods/getGoodsDetail.do?goodsNo=A000000201172&dispCatNo=90000010009&trackingCd=Best_Sellingbest&t_page=%EB%9E%AD%ED%82%B9&t_click=%ED%8C%90%EB%A7%A4%EB%9E%AD%ED%82%B9_%EC%84%A0%EC%BC%80%EC%96%B4_%EC%83%81%ED%92%88%EC%83%81%EC%84%B8&t_number=89,브링그린,브링그린 티트리시카톤업선쿠션 15g(리필기획 / 단품1+1),"20,000원","18,000원","['1+1', '쿠폰', '오늘드림']",
선케어,https://www.oliveyoung.co.kr/store/goods/getGoodsDetail.do?goodsNo=A000000176900&dispCatNo=90000010009&trackingCd=Best_Sellingbest&t_page=%EB%9E%AD%ED%82%B9&t_click=%ED%8C%90%EB%A7%A4%EB%9E%AD%ED%82%B9_%EC%84%A0%EC%BC%80%EC%96%B4_%EC%83%81%ED%92%88%EC%83%81%EC%84%B8&t_number=90,무슈제이,무슈제이 하이드로 선 에센스 더블기획(50ml+50ml),,"23,900원",['오늘드림'],
선케어,https://www.oliveyoung.co.kr/store/goods/getGoodsDetail.do?goodsNo=A000000210455&dispCatNo=90000010009&trackingCd=Best_Sellingbest&t_page=%EB%9E%AD%ED%82%B9&t_click=%ED%8C%90%EB%A7%A4%EB%9E%AD%ED%82%B9_%EC%84%A0%EC%BC%80%EC%96%B4_%EC%83%81%ED%92%88%EC%83%81%EC%84%B8&t_number=91,더하르나이,[화잘먹선크림/1+1]더하르나이 무기자차 시카이드 마일드 선케어 50ml+50ml 기획,"28,000원","23,800원","['쿠폰', '오늘드림']",
선케어,https://www.oliveyoung.co.kr/store/goods/getGoodsDetail.do?goodsNo=A000000173710&dispCatNo=90000010009&trackingCd=Best_Sellingbest&t_page=%EB%9E%AD%ED%82%B9&t_click=%ED%8C%90%EB%A7%A4%EB%9E%AD%ED%82%B9_%EC%84%A0%EC%BC%80%EC%96%B4_%EC%83%81%ED%92%88%EC%83%81%EC%84%B8&t_number=92,큐어,[1+1 기획] 김정문알로에 큐어 알로에 수딩젤 기획 150ml X 2,"9,900원","9,800원","['세일', '오늘드림']",
선케어,https://www.oliveyoung.co.kr/store/goods/getGoodsDetail.do?goodsNo=A000000224658&dispCatNo=90000010009&trackingCd=Best_Sellingbest&t_page=%EB%9E%AD%ED%82%B9&t_click=%ED%8C%90%EB%A7%A4%EB%9E%AD%ED%82%B9_%EC%84%A0%EC%BC%80%EC%96%B4_%EC%83%81%ED%92%88%EC%83%81%EC%84%B8&t_number=93,조선미녀,[NEW/단독기획] 조선미녀 맑은쌀 선크림 아쿠아프레쉬 50ml 기획 (+10ml*2개),"20,000원","13,900원","['세일', '쿠폰', '오늘드림']",
선케어,https://www.oliveyoung.co.kr/store/goods/getGoodsDetail.do?goodsNo=A000000222911&dispCatNo=90000010009&trackingCd=Best_Sellingbest&t_page=%EB%9E%AD%ED%82%B9&t_click=%ED%8C%90%EB%A7%A4%EB%9E%AD%ED%82%B9_%EC%84%A0%EC%BC%80%EC%96%B4_%EC%83%81%ED%92%88%EC%83%81%EC%84%B8&t_number=94,셀퓨전씨,[쿨링/리프팅탄력] 셀퓨전씨 쿨링 썬 패치 4회분 (2ea x 4set),"20,000원","10,200원","['세일', '쿠폰', '오늘드림']",
선케어,https://www.oliveyoung.co.kr/store/goods/getGoodsDetail.do?goodsNo=A000000226167&dispCatNo=90000010009&trackingCd=Best_Sellingbest&t_page=%EB%9E%AD%ED%82%B9&t_click=%ED%8C%90%EB%A7%A4%EB%9E%AD%ED%82%B9_%EC%84%A0%EC%BC%80%EC%96%B4_%EC%83%81%ED%92%88%EC%83%81%EC%84%B8&t_number=95,구달,[6/14 하루특가_스티치에디션] 구달 맑은 어성초 진정 쿨링 선스틱 19g 1+1 기획 (+스티치 스티커 증정),"22,000원","17,900원","['세일', '쿠폰', '오늘드림']",
선케어,https://www.oliveyoung.co.kr/store/goods/getGoodsDetail.do?goodsNo=A000000205825&dispCatNo=90000010009&trackingCd=Best_Sellingbest&t_page=%EB%9E%AD%ED%82%B9&t_click=%ED%8C%90%EB%A7%A4%EB%9E%AD%ED%82%B9_%EC%84%A0%EC%BC%80%EC%96%B4_%EC%83%81%ED%92%88%EC%83%81%EC%84%B8&t_number=96,라로슈포제,[모공커버] 라로슈포제 유비데아 안뗄리오스 톤업 클리어 30ml 기획 (+에빠폼15ml+듀오+M 에센스 3ml 증정),,"37,000원",['오늘드림'],
선케어,https://www.oliveyoung.co.kr/store/goods/getGoodsDetail.do?goodsNo=A000000207756&dispCatNo=90000010009&trackingCd=Best_Sellingbest&t_page=%EB%9E%AD%ED%82%B9&t_click=%ED%8C%90%EB%A7%A4%EB%9E%AD%ED%82%B9_%EC%84%A0%EC%BC%80%EC%96%B4_%EC%83%81%ED%92%88%EC%83%81%EC%84%B8&t_number=97,코스알엑스,[투명선세럼] 코스알엑스 울트라 라이트 인비저블 선세럼 SPF 50+ PA++++ 50mL,"15,000원","10,900원","['세일', '쿠폰', '오늘드림']",
선케어,https://www.oliveyoung.co.kr/store/goods/getGoodsDetail.do?goodsNo=A000000205639&dispCatNo=90000010009&trackingCd=Best_Sellingbest&t_page=%EB%9E%AD%ED%82%B9&t_click=%ED%8C%90%EB%A7%A4%EB%9E%AD%ED%82%B9_%EC%84%A0%EC%BC%80%EC%96%B4_%EC%83%81%ED%92%88%EC%83%81%EC%84%B8&t_number=98,에딧비,[제이미포유PICK/화잘먹] 에딧비 선데이 톤업 선세럼 55ml [SPF50+ PA++++],"25,000원","17,500원","['세일', '오늘드림']",
선케어,https://www.oliveyoung.co.kr/store/goods/getGoodsDetail.do?goodsNo=A000000188876&dispCatNo=90000010009&trackingCd=Best_Sellingbest&t_page=%EB%9E%AD%ED%82%B9&t_click=%ED%8C%90%EB%A7%A4%EB%9E%AD%ED%82%B9_%EC%84%A0%EC%BC%80%EC%96%B4_%EC%83%81%ED%92%88%EC%83%81%EC%84%B8&t_number=99,조선미녀,[단독/수분촉촉] 조선미녀 맑은쌀선크림 50ml 2입 기획,"30,000원","26,000원","['세일', '오늘드림']",
선케어,https://www.oliveyoung.co.kr/store/goods/getGoodsDetail.do?goodsNo=A000000201193&dispCatNo=90000010009&trackingCd=Best_Sellingbest&t_page=%EB%9E%AD%ED%82%B9&t_click=%ED%8C%90%EB%A7%A4%EB%9E%AD%ED%82%B9_%EC%84%A0%EC%BC%80%EC%96%B4_%EC%83%81%ED%92%88%EC%83%81%EC%84%B8&t_number=100,브링그린,브링그린 티트리시카쿨링선스틱 20g(리필기획 / 단품 1+1),"20,000원","18,000원","['1+1', '쿠폰', '오늘드림']",
전체,https://www.oliveyoung.co.kr/store/goods/getGoodsDetail.do?goodsNo=A000000225767&dispCatNo=90000010009&trackingCd=Best_Sellingbest&t_page=%EB%9E%AD%ED%82%B9&t_click=%ED%8C%90%EB%A7%A4%EB%9E%AD%ED%82%B9_%EC%A0%84%EC%B2%B4_%EC%83%81%ED%92%88%EC%83%81%EC%84%B8&t_number=1,메노킨,[박보영PICK/원조버블팩/화잘먹]메노킨 30초 퀵 버블 마스크 5종 택1,"28,500원","22,700원","['세일', '쿠폰', '오늘드림']",
전체,https://www.oliveyoung.co.kr/store/goods/getGoodsDetail.do?goodsNo=A000000223414&dispCatNo=90000010009&trackingCd=Best_Sellingbest&t_page=%EB%9E%AD%ED%82%B9&t_click=%ED%8C%90%EB%A7%A4%EB%9E%AD%ED%82%B9_%EC%A0%84%EC%B2%B4_%EC%83%81%ED%92%88%EC%83%81%EC%84%B8&t_number=2,메디힐,[6월 올영픽/31억장 돌파] 메디힐 에센셜 마스크팩 10/10+1매 고기능 7종 택1,"20,000원","9,900원","['세일', '쿠폰', '오늘드림']",
전체,https://www.oliveyoung.co.kr/store/goods/getGoodsDetail.do?goodsNo=A000000226445&dispCatNo=90000010009&trackingCd=Best_Sellingbest&t_page=%EB%9E%AD%ED%82%B9&t_click=%ED%8C%90%EB%A7%A4%EB%9E%AD%ED%82%B9_%EC%A0%84%EC%B2%B4_%EC%83%81%ED%92%88%EC%83%81%EC%84%B8&t_number=3,메디힐,"[6월 올영픽/휴대용케이스 증정] 메디힐 네모 토너패드 100+100매 한정기획 (마데카소사이드, PDRN)","39,900원","28,600원","['세일', '쿠폰', '오늘드림']",
전체,https://www.oliveyoung.co.kr/store/goods/getGoodsDetail.do?goodsNo=A000000226675&dispCatNo=90000010009&trackingCd=Best_Sellingbest&t_page=%EB%9E%AD%ED%82%B9&t_click=%ED%8C%90%EB%A7%A4%EB%9E%AD%ED%82%B9_%EC%A0%84%EC%B2%B4_%EC%83%81%ED%92%88%EC%83%81%EC%84%B8&t_number=4,라운드랩,[6월 올영픽][1+1+1] 라운드랩 자작나무 수분 선크림 40ml 트리플 기획,"30,000원","25,500원","['세일', '쿠폰', '오늘드림']",
전체,https://www.oliveyoung.co.kr/store/goods/getGoodsDetail.do?goodsNo=A000000188495&dispCatNo=90000010009&trackingCd=Best_Sellingbest&t_page=%EB%9E%AD%ED%82%B9&t_click=%ED%8C%90%EB%A7%A4%EB%9E%AD%ED%82%B9_%EC%A0%84%EC%B2%B4_%EC%83%81%ED%92%88%EC%83%81%EC%84%B8&t_number=5,이지듀,[극강보습] 이지듀 베리어 리페어 보습케어 크림 105ml,"45,000원","30,400원","['세일', '쿠폰', '오늘드림']",
전체,https://www.oliveyoung.co.kr/store/goods/getGoodsDetail.do?goodsNo=A000000192782&dispCatNo=90000010009&trackingCd=Best_Sellingbest&t_page=%EB%9E%AD%ED%82%B9&t_click=%ED%8C%90%EB%A7%A4%EB%9E%AD%ED%82%B9_%EC%A0%84%EC%B2%B4_%EC%83%81%ED%92%88%EC%83%81%EC%84%B8&t_number=6,에스네이처,[1+1/모공 수분천재크림] 에스네이처 아쿠아 스쿠알란 수분크림 60ml 더블기획(60ml+60ml),"43,000원","21,150원","['세일', '쿠폰', '오늘드림']",
전체,https://www.oliveyoung.co.kr/store/goods/getGoodsDetail.do?goodsNo=A000000217607&dispCatNo=90000010009&trackingCd=Best_Sellingbest&t_page=%EB%9E%AD%ED%82%B9&t_click=%ED%8C%90%EB%A7%A4%EB%9E%AD%ED%82%B9_%EC%A0%84%EC%B2%B4_%EC%83%81%ED%92%88%EC%83%81%EC%84%B8&t_number=7,밀잇,[6월 올영PICK] 밀잇 식단관리 단백질쉐이크 40g 5종 택1,,"3,900원","['1+1', '오늘드림']",
전체,https://www.oliveyoung.co.kr/store/goods/getGoodsDetail.do?goodsNo=A000000171423&dispCatNo=90000010009&trackingCd=Best_Sellingbest&t_page=%EB%9E%AD%ED%82%B9&t_click=%ED%8C%90%EB%A7%A4%EB%9E%AD%ED%82%B9_%EC%A0%84%EC%B2%B4_%EC%83%81%ED%92%88%EC%83%81%EC%84%B8&t_number=8,어노브,[6월 올영픽/더블한정기획 출시] 어노브 딥 데미지 헤어 트리트먼트 EX 320ml 더블/듀오 기획 5종 택1,"42,000원","28,900원","['세일', '쿠폰', '오늘드림']",
전체,https://www.oliveyoung.co.kr/store/goods/getGoodsDetail.do?goodsNo=A000000226487&dispCatNo=90000010009&trackingCd=Best_Sellingbest&t_page=%EB%9E%AD%ED%82%B9&t_click=%ED%8C%90%EB%A7%A4%EB%9E%AD%ED%82%B9_%EC%A0%84%EC%B2%B4_%EC%83%81%ED%92%88%EC%83%81%EC%84%B8&t_number=9,토리든,[6월 올영픽]토리든 다이브인 저분자 히알루론산 세럼 50ml 리필 한정기획(+50ml리필+선크림20ml+패드10매),"36,000원","24,000원","['세일', '쿠폰', '오늘드림']",
전체,https://www.oliveyoung.co.kr/store/goods/getGoodsDetail.do?goodsNo=A000000224932&dispCatNo=90000010009&trackingCd=Best_Sellingbest&t_page=%EB%9E%AD%ED%82%B9&t_click=%ED%8C%90%EB%A7%A4%EB%9E%AD%ED%82%B9_%EC%A0%84%EC%B2%B4_%EC%83%81%ED%92%88%EC%83%81%EC%84%B8&t_number=10,스킨푸드,[6월 올영픽/유트루PICK/1+1최초기획] 스킨푸드 캐롯 카로틴 카밍 워터 패드 60매 더블기획 (본품+본품),"42,000원","26,900원","['세일', '오늘드림']",
전체,https://www.oliveyoung.co.kr/store/goods/getGoodsDetail.do?goodsNo=A000000217620&dispCatNo=90000010009&trackingCd=Best_Sellingbest&t_page=%EB%9E%AD%ED%82%B9&t_click=%ED%8C%90%EB%A7%A4%EB%9E%AD%ED%82%B9_%EC%A0%84%EC%B2%B4_%EC%83%81%ED%92%88%EC%83%81%EC%84%B8&t_number=11,메디힐,[14년연속 1위] 메디힐 에센셜 마스크팩 1매 고기능 7종 택1,"2,000원","1,000원","['세일', '오늘드림']",
전체,https://www.oliveyoung.co.kr/store/goods/getGoodsDetail.do?goodsNo=A000000207444&dispCatNo=90000010009&trackingCd=Best_Sellingbest&t_page=%EB%9E%AD%ED%82%B9&t_click=%ED%8C%90%EB%A7%A4%EB%9E%AD%ED%82%B9_%EC%A0%84%EC%B2%B4_%EC%83%81%ED%92%88%EC%83%81%EC%84%B8&t_number=12,마녀공장,[블랙헤드OUT/4년연속1위] 마녀공장 퓨어 클렌징오일 200mlX2 더블기획,"37,000원","25,900원","['세일', '오늘드림']",
전체,https://www.oliveyoung.co.kr/store/goods/getGoodsDetail.do?goodsNo=A000000164615&dispCatNo=90000010009&trackingCd=Best_Sellingbest&t_page=%EB%9E%AD%ED%82%B9&t_click=%ED%8C%90%EB%A7%A4%EB%9E%AD%ED%82%B9_%EC%A0%84%EC%B2%B4_%EC%83%81%ED%92%88%EC%83%81%EC%84%B8&t_number=13,닥터지,[6월올영픽/이영지Pick/수분진정] 닥터지 레드 블레미쉬 클리어 수딩 크림 70ml 기획 3종,"38,000원","27,300원","['세일', '쿠폰', '오늘드림']",
전체,https://www.oliveyoung.co.kr/store/goods/getGoodsDetail.do?goodsNo=A000000226383&dispCatNo=90000010009&trackingCd=Best_Sellingbest&t_page=%EB%9E%AD%ED%82%B9&t_click=%ED%8C%90%EB%A7%A4%EB%9E%AD%ED%82%B9_%EC%A0%84%EC%B2%B4_%EC%83%81%ED%92%88%EC%83%81%EC%84%B8&t_number=14,무지개맨션,[6월올영픽/선런칭] 무지개맨션 오브제 글로시틴트 8종(단품/기획),"19,000원","15,900원","['세일', '오늘드림']",
전체,https://www.oliveyoung.co.kr/store/goods/getGoodsDetail.do?goodsNo=A000000213153&dispCatNo=90000010009&trackingCd=Best_Sellingbest&t_page=%EB%9E%AD%ED%82%B9&t_click=%ED%8C%90%EB%A7%A4%EB%9E%AD%ED%82%B9_%EC%A0%84%EC%B2%B4_%EC%83%81%ED%92%88%EC%83%81%EC%84%B8&t_number=15,롬앤,[틴뚜링 증정기획] 롬앤 더 쥬시 래스팅 틴트 단품/기획,"13,000원","9,900원","['세일', '오늘드림']",
전체,https://www.oliveyoung.co.kr/store/goods/getGoodsDetail.do?goodsNo=A000000225380&dispCatNo=90000010009&trackingCd=Best_Sellingbest&t_page=%EB%9E%AD%ED%82%B9&t_click=%ED%8C%90%EB%A7%A4%EB%9E%AD%ED%82%B9_%EC%A0%84%EC%B2%B4_%EC%83%81%ED%92%88%EC%83%81%EC%84%B8&t_number=16,비디비치,[한정기획] 비디비치 누드 퍼펙션 스킨 핏 쿠션 리필 기획 (+퍼프 증정),"46,000원","36,100원","['세일', '쿠폰', '오늘드림']",
전체,https://www.oliveyoung.co.kr/store/goods/getGoodsDetail.do?goodsNo=A000000147779&dispCatNo=90000010009&trackingCd=Best_Sellingbest&t_page=%EB%9E%AD%ED%82%B9&t_click=%ED%8C%90%EB%A7%A4%EB%9E%AD%ED%82%B9_%EC%A0%84%EC%B2%B4_%EC%83%81%ED%92%88%EC%83%81%EC%84%B8&t_number=17,딜라이트 프로젝트,딜라이트 프로젝트 베이글칩 7종 택1,,"2,700원","['2+1', '오늘드림']",
전체,https://www.oliveyoung.co.kr/store/goods/getGoodsDetail.do?goodsNo=A000000227457&dispCatNo=90000010009&trackingCd=Best_Sellingbest&t_page=%EB%9E%AD%ED%82%B9&t_click=%ED%8C%90%EB%A7%A4%EB%9E%AD%ED%82%B9_%EC%A0%84%EC%B2%B4_%EC%83%81%ED%92%88%EC%83%81%EC%84%B8&t_number=18,알디콤,[1+1/NEW]알디콤 Plus 숙취해소제 21ml 4포입,"17,300원","15,300원","['1+1', '쿠폰', '오늘드림']",
전체,https://www.oliveyoung.co.kr/store/goods/getGoodsDetail.do?goodsNo=A000000162035&dispCatNo=90000010009&trackingCd=Best_Sellingbest&t_page=%EB%9E%AD%ED%82%B9&t_click=%ED%8C%90%EB%A7%A4%EB%9E%AD%ED%82%B9_%EC%A0%84%EC%B2%B4_%EC%83%81%ED%92%88%EC%83%81%EC%84%B8&t_number=19,웰라쥬,[대용량150ml] 웰라쥬 리얼 히알루로닉 블루 100 앰플 75ml 1+1 기획,"46,000원","29,900원","['세일', '오늘드림']",
전체,https://www.oliveyoung.co.kr/store/goods/getGoodsDetail.do?goodsNo=A000000223283&dispCatNo=90000010009&trackingCd=Best_Sellingbest&t_page=%EB%9E%AD%ED%82%B9&t_click=%ED%8C%90%EB%A7%A4%EB%9E%AD%ED%82%B9_%EC%A0%84%EC%B2%B4_%EC%83%81%ED%92%88%EC%83%81%EC%84%B8&t_number=20,쏘피,NEW 쏘피 쿨링프레쉬 생리대 9종 택 1 (라이너/패드/안심숙면팬티),"11,100원","4,900원","['세일', '오늘드림']",
전체,https://www.oliveyoung.co.kr/store/goods/getGoodsDetail.do?goodsNo=A000000226498&dispCatNo=90000010009&trackingCd=Best_Sellingbest&t_page=%EB%9E%AD%ED%82%B9&t_click=%ED%8C%90%EB%A7%A4%EB%9E%AD%ED%82%B9_%EC%A0%84%EC%B2%B4_%EC%83%81%ED%92%88%EC%83%81%EC%84%B8&t_number=21,메디큐브,[대용량 리필기획/흔적미백]메디큐브 PDRN 핑크 펩타이드 앰플 30ml 리필기획(본품 30ML+리필 50ML),"46,000원","25,900원","['세일', '오늘드림']",
전체,https://www.oliveyoung.co.kr/store/goods/getGoodsDetail.do?goodsNo=A000000223233&dispCatNo=90000010009&trackingCd=Best_Sellingbest&t_page=%EB%9E%AD%ED%82%B9&t_click=%ED%8C%90%EB%A7%A4%EB%9E%AD%ED%82%B9_%EC%A0%84%EC%B2%B4_%EC%83%81%ED%92%88%EC%83%81%EC%84%B8&t_number=22,식물나라,[6월 올영픽] 식물나라 제주 탄산수 딥 모공 클렌징 폼 120ml (단품/1+1기획),"10,800원","4,950원","['세일', '쿠폰', '오늘드림']",
전체,https://www.oliveyoung.co.kr/store/goods/getGoodsDetail.do?goodsNo=A000000225736&dispCatNo=90000010009&trackingCd=Best_Sellingbest&t_page=%EB%9E%AD%ED%82%B9&t_click=%ED%8C%90%EB%A7%A4%EB%9E%AD%ED%82%B9_%EC%A0%84%EC%B2%B4_%EC%83%81%ED%92%88%EC%83%81%EC%84%B8&t_number=23,일소,일소 슈퍼 멜팅 세범 소프트너 150ml 기획 (+화장솜 40매+모공 텐션 마스크팩 1매),"26,000원","17,500원","['세일', '쿠폰', '오늘드림']",
전체,https://www.oliveyoung.co.kr/store/goods/getGoodsDetail.do?goodsNo=A000000225044&dispCatNo=90000010009&trackingCd=Best_Sellingbest&t_page=%EB%9E%AD%ED%82%B9&t_click=%ED%8C%90%EB%A7%A4%EB%9E%AD%ED%82%B9_%EC%A0%84%EC%B2%B4_%EC%83%81%ED%92%88%EC%83%81%EC%84%B8&t_number=24,오브제,오브제 포어 제로 오일 컨트롤 선스틱 18g,"19,800원","17,900원","['세일', '쿠폰', '오늘드림']",
전체,https://www.oliveyoung.co.kr/store/goods/getGoodsDetail.do?goodsNo=A000000171427&dispCatNo=90000010009&trackingCd=Best_Sellingbest&t_page=%EB%9E%AD%ED%82%B9&t_click=%ED%8C%90%EB%A7%A4%EB%9E%AD%ED%82%B9_%EC%A0%84%EC%B2%B4_%EC%83%81%ED%92%88%EC%83%81%EC%84%B8&t_number=25,메디힐,[58관왕/200매] 메디힐 네모패드 100+100매 더블기획 6종 골라담기,"39,900원","28,900원","['세일', '오늘드림']",
전체,https://www.oliveyoung.co.kr/store/goods/getGoodsDetail.do?goodsNo=A000000166442&dispCatNo=90000010009&trackingCd=Best_Sellingbest&t_page=%EB%9E%AD%ED%82%B9&t_click=%ED%8C%90%EB%A7%A4%EB%9E%AD%ED%82%B9_%EC%A0%84%EC%B2%B4_%EC%83%81%ED%92%88%EC%83%81%EC%84%B8&t_number=26,어바웃톤,[픽서 본품 증정] 어바웃톤 블러 파우더 팩트 6종 (기획/단품),"14,000원","11,200원","['쿠폰', '오늘드림']",
전체,https://www.oliveyoung.co.kr/store/goods/getGoodsDetail.do?goodsNo=A000000219553&dispCatNo=90000010009&trackingCd=Best_Sellingbest&t_page=%EB%9E%AD%ED%82%B9&t_click=%ED%8C%90%EB%A7%A4%EB%9E%AD%ED%82%B9_%EC%A0%84%EC%B2%B4_%EC%83%81%ED%92%88%EC%83%81%EC%84%B8&t_number=27,구달,[6월 올영픽/화잘먹]구달 맑은 어성초 진정 수분 선크림 50ml 1+1 기획 (+포캣 파우치),"20,000원","16,500원","['세일', '쿠폰', '오늘드림']",
전체,https://www.oliveyoung.co.kr/store/goods/getGoodsDetail.do?goodsNo=A000000226449&dispCatNo=90000010009&trackingCd=Best_Sellingbest&t_page=%EB%9E%AD%ED%82%B9&t_click=%ED%8C%90%EB%A7%A4%EB%9E%AD%ED%82%B9_%EC%A0%84%EC%B2%B4_%EC%83%81%ED%92%88%EC%83%81%EC%84%B8&t_number=28,메디힐,[6월 올영픽/1+1+증정] 메디힐 마데카소사이드 흔적 리페어 세럼 40+40+10mL,"36,900원","22,400원","['세일', '쿠폰', '오늘드림']",
전체,https://www.oliveyoung.co.kr/store/goods/getGoodsDetail.do?goodsNo=A000000228804&dispCatNo=90000010009&trackingCd=Best_Sellingbest&t_page=%EB%9E%AD%ED%82%B9&t_click=%ED%8C%90%EB%A7%A4%EB%9E%AD%ED%82%B9_%EC%A0%84%EC%B2%B4_%EC%83%81%ED%92%88%EC%83%81%EC%84%B8&t_number=29,토리든,[6월 올영픽/단독기획] 토리든 밸런스풀 시카 컨트롤 세럼 50ml 기획 (+크림 20ml),"23,000원","15,300원","['세일', '쿠폰', '오늘드림']",
전체,https://www.oliveyoung.co.kr/store/goods/getGoodsDetail.do?goodsNo=A000000174309&dispCatNo=90000010009&trackingCd=Best_Sellingbest&t_page=%EB%9E%AD%ED%82%B9&t_click=%ED%8C%90%EB%A7%A4%EB%9E%AD%ED%82%B9_%EC%A0%84%EC%B2%B4_%EC%83%81%ED%92%88%EC%83%81%EC%84%B8&t_number=30,홀리카홀리카,[NEW컬러] 홀리카홀리카 마이페이브 피스 아이섀도우/피스 밤/피스 빔,"6,000원","4,800원","['세일', '오늘드림']",
전체,https://www.oliveyoung.co.kr/store/goods/getGoodsDetail.do?goodsNo=A000000226737&dispCatNo=90000010009&trackingCd=Best_Sellingbest&t_page=%EB%9E%AD%ED%82%B9&t_click=%ED%8C%90%EB%A7%A4%EB%9E%AD%ED%82%B9_%EC%A0%84%EC%B2%B4_%EC%83%81%ED%92%88%EC%83%81%EC%84%B8&t_number=31,구달,[6/14 하루특가_스티치에디션] 구달 어성초 히알루론 수딩 클리어 패드 70매 기획 (+70매 리필+장바구니),"38,000원","23,900원","['세일', '쿠폰', '오늘드림']",
전체,https://www.oliveyoung.co.kr/store/goods/getGoodsDetail.do?goodsNo=A000000209146&dispCatNo=90000010009&trackingCd=Best_Sellingbest&t_page=%EB%9E%AD%ED%82%B9&t_click=%ED%8C%90%EB%A7%A4%EB%9E%AD%ED%82%B9_%EC%A0%84%EC%B2%B4_%EC%83%81%ED%92%88%EC%83%81%EC%84%B8&t_number=32,낫포유,[미니어처 증정/6월 올영픽] 낫포유 클리어 바디미스트 200ml 기획 및 단품,"21,900원","19,900원","['세일', '오늘드림']",
전체,https://www.oliveyoung.co.kr/store/goods/getGoodsDetail.do?goodsNo=A000000226611&dispCatNo=90000010009&trackingCd=Best_Sellingbest&t_page=%EB%9E%AD%ED%82%B9&t_click=%ED%8C%90%EB%A7%A4%EB%9E%AD%ED%82%B9_%EC%A0%84%EC%B2%B4_%EC%83%81%ED%92%88%EC%83%81%EC%84%B8&t_number=33,세타필,하루특가 [등드름/닭살/올영픽] 세타필 각질제거 SA 워시 473ml 기획(+샤워 스펀지 증정),"24,000원","15,900원","['세일', '쿠폰', '증정', '오늘드림']",
전체,https://www.oliveyoung.co.kr/store/goods/getGoodsDetail.do?goodsNo=A000000175954&dispCatNo=90000010009&trackingCd=Best_Sellingbest&t_page=%EB%9E%AD%ED%82%B9&t_click=%ED%8C%90%EB%A7%A4%EB%9E%AD%ED%82%B9_%EC%A0%84%EC%B2%B4_%EC%83%81%ED%92%88%EC%83%81%EC%84%B8&t_number=34,네이밍,[6월 올영픽] 네이밍 레이어드 핏 쿠션 기획(본품+리필+하이라이터 증정),"34,000원","27,200원","['세일', '오늘드림']",
전체,https://www.oliveyoung.co.kr/store/goods/getGoodsDetail.do?goodsNo=A000000226997&dispCatNo=90000010009&trackingCd=Best_Sellingbest&t_page=%EB%9E%AD%ED%82%B9&t_click=%ED%8C%90%EB%A7%A4%EB%9E%AD%ED%82%B9_%EC%A0%84%EC%B2%B4_%EC%83%81%ED%92%88%EC%83%81%EC%84%B8&t_number=35,라로슈포제,라로슈포제 시카플라스트 밤 B5+ 100ml 기획 (+히알루 B5 세럼 1.5ml*2개 증정),"40,000원","36,000원","['세일', '오늘드림']",
전체,https://www.oliveyoung.co.kr/store/goods/getGoodsDetail.do?goodsNo=A000000226490&dispCatNo=90000010009&trackingCd=Best_Sellingbest&t_page=%EB%9E%AD%ED%82%B9&t_click=%ED%8C%90%EB%A7%A4%EB%9E%AD%ED%82%B9_%EC%A0%84%EC%B2%B4_%EC%83%81%ED%92%88%EC%83%81%EC%84%B8&t_number=36,라운드랩,[1+1+스티커] 라운드랩 소나무 진정 시카 앰플 30ml 더블 기획 (+누누씨스티커모음),"43,000원","20,900원","['세일', '쿠폰', '오늘드림']",
전체,https://www.oliveyoung.co.kr/store/goods/getGoodsDetail.do?goodsNo=A000000226677&dispCatNo=90000010009&trackingCd=Best_Sellingbest&t_page=%EB%9E%AD%ED%82%B9&t_click=%ED%8C%90%EB%A7%A4%EB%9E%AD%ED%82%B9_%EC%A0%84%EC%B2%B4_%EC%83%81%ED%92%88%EC%83%81%EC%84%B8&t_number=37,라운드랩,[6월 올영픽][1+1/즉각쿨링] 라운드랩 자작나무 수분 선스틱 19g 더블 기획 (+자작패드 4매입),"29,000원","23,900원","['세일', '쿠폰', '오늘드림']",
전체,https://www.oliveyoung.co.kr/store/goods/getGoodsDetail.do?goodsNo=A000000221807&dispCatNo=90000010009&trackingCd=Best_Sellingbest&t_page=%EB%9E%AD%ED%82%B9&t_click=%ED%8C%90%EB%A7%A4%EB%9E%AD%ED%82%B9_%EC%A0%84%EC%B2%B4_%EC%83%81%ED%92%88%EC%83%81%EC%84%B8&t_number=38,바이오던스,"[3시간팩] 바이오던스 리얼 딥 마스크 7매 (콜라겐, 세라놀, 비타, 씨켈프)","35,000원","29,900원","['세일', '오늘드림']",
전체,https://www.oliveyoung.co.kr/store/goods/getGoodsDetail.do?goodsNo=A000000185046&dispCatNo=90000010009&trackingCd=Best_Sellingbest&t_page=%EB%9E%AD%ED%82%B9&t_click=%ED%8C%90%EB%A7%A4%EB%9E%AD%ED%82%B9_%EC%A0%84%EC%B2%B4_%EC%83%81%ED%92%88%EC%83%81%EC%84%B8&t_number=39,투크,[6월 올영픽/선런칭/속광도화밤 증정] 투크 워터프루프 슬림 아이라이너 17colors (기획/단품),"13,900원","11,900원","['세일', '오늘드림']",
전체,https://www.oliveyoung.co.kr/store/goods/getGoodsDetail.do?goodsNo=A000000222757&dispCatNo=90000010009&trackingCd=Best_Sellingbest&t_page=%EB%9E%AD%ED%82%B9&t_click=%ED%8C%90%EB%A7%A4%EB%9E%AD%ED%82%B9_%EC%A0%84%EC%B2%B4_%EC%83%81%ED%92%88%EC%83%81%EC%84%B8&t_number=40,듀이트리,[하루특가/미세먼지세정] 듀이트리 하이 아미노 올 클렌징밀크 200ml 기획,"28,500원","16,900원","['세일', '쿠폰', '오늘드림']",
전체,https://www.oliveyoung.co.kr/store/goods/getGoodsDetail.do?goodsNo=A000000226070&dispCatNo=90000010009&trackingCd=Best_Sellingbest&t_page=%EB%9E%AD%ED%82%B9&t_click=%ED%8C%90%EB%A7%A4%EB%9E%AD%ED%82%B9_%EC%A0%84%EC%B2%B4_%EC%83%81%ED%92%88%EC%83%81%EC%84%B8&t_number=41,바이오더마,[6월 올영픽] 바이오더마 센시비오 H2O 500ml 2입 기획,"42,000원","30,300원","['세일', '쿠폰', '오늘드림']",
전체,https://www.oliveyoung.co.kr/store/goods/getGoodsDetail.do?goodsNo=A000000227660&dispCatNo=90000010009&trackingCd=Best_Sellingbest&t_page=%EB%9E%AD%ED%82%B9&t_click=%ED%8C%90%EB%A7%A4%EB%9E%AD%ED%82%B9_%EC%A0%84%EC%B2%B4_%EC%83%81%ED%92%88%EC%83%81%EC%84%B8&t_number=42,넛세린,[이민정 PICK]넛세린 아로마 넛 슬림핏 괄사 세럼 60ml,"35,000원","29,500원","['세일', '오늘드림']",
전체,https://www.oliveyoung.co.kr/store/goods/getGoodsDetail.do?goodsNo=A000000154091&dispCatNo=90000010009&trackingCd=Best_Sellingbest&t_page=%EB%9E%AD%ED%82%B9&t_click=%ED%8C%90%EB%A7%A4%EB%9E%AD%ED%82%B9_%EC%A0%84%EC%B2%B4_%EC%83%81%ED%92%88%EC%83%81%EC%84%B8&t_number=43,닥터브로너스,[6월 올영픽/압도적 쿨링/대용량 바디워시] 닥터브로너스 퓨어 캐스틸 솝 950ml 12종 택 1 (기획/단품),"35,000원","23,900원","['세일', '쿠폰', '오늘드림']",
전체,https://www.oliveyoung.co.kr/store/goods/getGoodsDetail.do?goodsNo=A000000218845&dispCatNo=90000010009&trackingCd=Best_Sellingbest&t_page=%EB%9E%AD%ED%82%B9&t_click=%ED%8C%90%EB%A7%A4%EB%9E%AD%ED%82%B9_%EC%A0%84%EC%B2%B4_%EC%83%81%ED%92%88%EC%83%81%EC%84%B8&t_number=44,릴리이브,[아름송이 PICK] 릴리이브 그로우턴 탈모 브러쉬 앰플 100ml 기획 (+100ml 리필 증정),,"39,800원",['오늘드림'],
전체,https://www.oliveyoung.co.kr/store/goods/getGoodsDetail.do?goodsNo=A000000222833&dispCatNo=90000010009&trackingCd=Best_Sellingbest&t_page=%EB%9E%AD%ED%82%B9&t_click=%ED%8C%90%EB%A7%A4%EB%9E%AD%ED%82%B9_%EC%A0%84%EC%B2%B4_%EC%83%81%ED%92%88%EC%83%81%EC%84%B8&t_number=45,에스트라,에스트라 아토베리어365 크림 80ml 기획 (+하이드로 에센스25ml+세라-히알 앰플7ml),"33,000원","29,700원","['세일', '오늘드림']",
전체,https://www.oliveyoung.co.kr/store/goods/getGoodsDetail.do?goodsNo=A000000207822&dispCatNo=90000010009&trackingCd=Best_Sellingbest&t_page=%EB%9E%AD%ED%82%B9&t_click=%ED%8C%90%EB%A7%A4%EB%9E%AD%ED%82%B9_%EC%A0%84%EC%B2%B4_%EC%83%81%ED%92%88%EC%83%81%EC%84%B8&t_number=46,일소,[1등 블랙헤드관리] 일소 블랙헤드 제거기 단품,"7,900원","6,900원","['세일', '쿠폰', '오늘드림']",
전체,https://www.oliveyoung.co.kr/store/goods/getGoodsDetail.do?goodsNo=A000000226512&dispCatNo=90000010009&trackingCd=Best_Sellingbest&t_page=%EB%9E%AD%ED%82%B9&t_click=%ED%8C%90%EB%A7%A4%EB%9E%AD%ED%82%B9_%EC%A0%84%EC%B2%B4_%EC%83%81%ED%92%88%EC%83%81%EC%84%B8&t_number=47,VDL,[6월올영픽/여름NEW] VDL 커버스테인 하이커버 쿠션 13g 기획(+리필+모공 스패츌라브러쉬),"34,000원","26,490원","['세일', '쿠폰', '오늘드림']",
전체,https://www.oliveyoung.co.kr/store/goods/getGoodsDetail.do?goodsNo=A000000187479&dispCatNo=90000010009&trackingCd=Best_Sellingbest&t_page=%EB%9E%AD%ED%82%B9&t_click=%ED%8C%90%EB%A7%A4%EB%9E%AD%ED%82%B9_%EC%A0%84%EC%B2%B4_%EC%83%81%ED%92%88%EC%83%81%EC%84%B8&t_number=48,비플레인,비플레인 녹두 약산성 클렌징폼 160ml 기획 (+40ml),"21,900원","18,200원","['세일', '쿠폰', '오늘드림']",
전체,https://www.oliveyoung.co.kr/store/goods/getGoodsDetail.do?goodsNo=A000000180532&dispCatNo=90000010009&trackingCd=Best_Sellingbest&t_page=%EB%9E%AD%ED%82%B9&t_click=%ED%8C%90%EB%A7%A4%EB%9E%AD%ED%82%B9_%EC%A0%84%EC%B2%B4_%EC%83%81%ED%92%88%EC%83%81%EC%84%B8&t_number=49,웨이크메이크,[NEW 쉬어 블러 스틱 증정] 웨이크메이크 소프트 블러링 아이팔레트(단품/기획),"34,000원","22,800원","['세일', '쿠폰', '오늘드림']",
전체,https://www.oliveyoung.co.kr/store/goods/getGoodsDetail.do?goodsNo=A000000227213&dispCatNo=90000010009&trackingCd=Best_Sellingbest&t_page=%EB%9E%AD%ED%82%B9&t_click=%ED%8C%90%EB%A7%A4%EB%9E%AD%ED%82%B9_%EC%A0%84%EC%B2%B4_%EC%83%81%ED%92%88%EC%83%81%EC%84%B8&t_number=50,클리오,[6월 올영픽/NEW] 클리오 킬 커버 메쉬 블러 쿠션 (+파우더 팩트 증정),"36,000원","27,000원","['세일', '오늘드림']",
전체,https://www.oliveyoung.co.kr/store/goods/getGoodsDetail.do?goodsNo=A000000224959&dispCatNo=90000010009&trackingCd=Best_Sellingbest&t_page=%EB%9E%AD%ED%82%B9&t_click=%ED%8C%90%EB%A7%A4%EB%9E%AD%ED%82%B9_%EC%A0%84%EC%B2%B4_%EC%83%81%ED%92%88%EC%83%81%EC%84%B8&t_number=51,좋은느낌,[2025 New] 좋은느낌 썸머에디션 생리대 (패드/입오버),"9,000원","7,200원","['1+1', '쿠폰', '오늘드림']",
전체,https://www.oliveyoung.co.kr/store/goods/getGoodsDetail.do?goodsNo=A000000185903&dispCatNo=90000010009&trackingCd=Best_Sellingbest&t_page=%EB%9E%AD%ED%82%B9&t_click=%ED%8C%90%EB%A7%A4%EB%9E%AD%ED%82%B9_%EC%A0%84%EC%B2%B4_%EC%83%81%ED%92%88%EC%83%81%EC%84%B8&t_number=52,VDL,[6월올영픽/1등쿠션] VDL 커버 스테인 퍼펙팅 쿠션 기획(+미니 프라이머 증정),"34,000원","26,490원","['세일', '쿠폰', '오늘드림']",
전체,https://www.oliveyoung.co.kr/store/goods/getGoodsDetail.do?goodsNo=A000000180474&dispCatNo=90000010009&trackingCd=Best_Sellingbest&t_page=%EB%9E%AD%ED%82%B9&t_click=%ED%8C%90%EB%A7%A4%EB%9E%AD%ED%82%B9_%EC%A0%84%EC%B2%B4_%EC%83%81%ED%92%88%EC%83%81%EC%84%B8&t_number=53,토리든,[6월 올영픽][단독기획] 토리든 다이브인 저분자 히알루론산 토너 500ml 기획 (+화장솜 60매 증정),"29,000원","18,900원","['세일', '쿠폰', '오늘드림']",
전체,https://www.oliveyoung.co.kr/store/goods/getGoodsDetail.do?goodsNo=A000000222772&dispCatNo=90000010009&trackingCd=Best_Sellingbest&t_page=%EB%9E%AD%ED%82%B9&t_click=%ED%8C%90%EB%A7%A4%EB%9E%AD%ED%82%B9_%EC%A0%84%EC%B2%B4_%EC%83%81%ED%92%88%EC%83%81%EC%84%B8&t_number=54,아이디얼포맨,[6월올영픽]아이디얼포맨 선 올인원 140ml,"24,000원","9,800원","['세일', '쿠폰', '오늘드림']",
전체,https://www.oliveyoung.co.kr/store/goods/getGoodsDetail.do?goodsNo=A000000162279&dispCatNo=90000010009&trackingCd=Best_Sellingbest&t_page=%EB%9E%AD%ED%82%B9&t_click=%ED%8C%90%EB%A7%A4%EB%9E%AD%ED%82%B9_%EC%A0%84%EC%B2%B4_%EC%83%81%ED%92%88%EC%83%81%EC%84%B8&t_number=55,닥터지,[1등필링/화잘먹] 닥터지 브라이트닝 필링젤 기획 2종 택1 (120+60g+배리어D로션 2ml/120+120g),"32,000원","19,500원","['세일', '쿠폰', '오늘드림']",
전체,https://www.oliveyoung.co.kr/store/goods/getGoodsDetail.do?goodsNo=A000000223207&dispCatNo=90000010009&trackingCd=Best_Sellingbest&t_page=%EB%9E%AD%ED%82%B9&t_click=%ED%8C%90%EB%A7%A4%EB%9E%AD%ED%82%B9_%EC%A0%84%EC%B2%B4_%EC%83%81%ED%92%88%EC%83%81%EC%84%B8&t_number=56,AHC,[선케어1등/이사배PICK]AHC 마스터즈 아쿠아리치 선크림 50ml 1+1 기획,"27,900원","23,700원","['세일', '쿠폰', '오늘드림']",
전체,https://www.oliveyoung.co.kr/store/goods/getGoodsDetail.do?goodsNo=A000000130542&dispCatNo=90000010009&trackingCd=Best_Sellingbest&t_page=%EB%9E%AD%ED%82%B9&t_click=%ED%8C%90%EB%A7%A4%EB%9E%AD%ED%82%B9_%EC%A0%84%EC%B2%B4_%EC%83%81%ED%92%88%EC%83%81%EC%84%B8&t_number=57,아크로패스,[5년 연속 어워즈] 아크로패스 트러블큐어 3종 택1,"12,000원","9,720원","['세일', '쿠폰', '오늘드림']",
전체,https://www.oliveyoung.co.kr/store/goods/getGoodsDetail.do?goodsNo=A000000162471&dispCatNo=90000010009&trackingCd=Best_Sellingbest&t_page=%EB%9E%AD%ED%82%B9&t_click=%ED%8C%90%EB%A7%A4%EB%9E%AD%ED%82%B9_%EC%A0%84%EC%B2%B4_%EC%83%81%ED%92%88%EC%83%81%EC%84%B8&t_number=58,페리페라,[+미니 립스틱 증정][갓기천사 홋수 부활] 페리페라 잉크 무드 글로이 틴트 4g 19종,"11,000원","8,200원","['세일', '쿠폰', '오늘드림']",
전체,https://www.oliveyoung.co.kr/store/goods/getGoodsDetail.do?goodsNo=A000000178635&dispCatNo=90000010009&trackingCd=Best_Sellingbest&t_page=%EB%9E%AD%ED%82%B9&t_click=%ED%8C%90%EB%A7%A4%EB%9E%AD%ED%82%B9_%EC%A0%84%EC%B2%B4_%EC%83%81%ED%92%88%EC%83%81%EC%84%B8&t_number=59,VDL,[6월올영픽/1등파데] VDL 커버스테인 퍼펙팅 파운데이션 30ml (+세레니티 미니 쿠션 기획/ 단품),"32,000원","24,320원","['세일', '쿠폰', '오늘드림']",
전체,https://www.oliveyoung.co.kr/store/goods/getGoodsDetail.do?goodsNo=A000000226086&dispCatNo=90000010009&trackingCd=Best_Sellingbest&t_page=%EB%9E%AD%ED%82%B9&t_click=%ED%8C%90%EB%A7%A4%EB%9E%AD%ED%82%B9_%EC%A0%84%EC%B2%B4_%EC%83%81%ED%92%88%EC%83%81%EC%84%B8&t_number=60,바이오더마,[6월올영픽]바이오더마 하이드라비오 에센스로션 200ml,"35,000원","23,900원","['세일', '쿠폰', '오늘드림']",
전체,https://www.oliveyoung.co.kr/store/goods/getGoodsDetail.do?goodsNo=A000000180162&dispCatNo=90000010009&trackingCd=Best_Sellingbest&t_page=%EB%9E%AD%ED%82%B9&t_click=%ED%8C%90%EB%A7%A4%EB%9E%AD%ED%82%B9_%EC%A0%84%EC%B2%B4_%EC%83%81%ED%92%88%EC%83%81%EC%84%B8&t_number=61,닥터지,"[6월 올영픽][저자극/무기자차] 닥터지 그린 마일드 업 선 플러스 기획 2종 택 1 (1+1, 증정 기획)","29,000원","21,900원","['세일', '오늘드림']",
전체,https://www.oliveyoung.co.kr/store/goods/getGoodsDetail.do?goodsNo=A000000226515&dispCatNo=90000010009&trackingCd=Best_Sellingbest&t_page=%EB%9E%AD%ED%82%B9&t_click=%ED%8C%90%EB%A7%A4%EB%9E%AD%ED%82%B9_%EC%A0%84%EC%B2%B4_%EC%83%81%ED%92%88%EC%83%81%EC%84%B8&t_number=62,브링그린,[1등세럼] 브링그린 징크테카 트러블세럼 50ml+25리필(+징크테카 S.O.S 스팟 젤),"56,100원","29,800원","['세일', '증정', '오늘드림']",
전체,https://www.oliveyoung.co.kr/store/goods/getGoodsDetail.do?goodsNo=A000000164559&dispCatNo=90000010009&trackingCd=Best_Sellingbest&t_page=%EB%9E%AD%ED%82%B9&t_click=%ED%8C%90%EB%A7%A4%EB%9E%AD%ED%82%B9_%EC%A0%84%EC%B2%B4_%EC%83%81%ED%92%88%EC%83%81%EC%84%B8&t_number=63,라카,라카 프루티 글램 틴트 4.5g 25종,,"15,000원",['오늘드림'],
전체,https://www.oliveyoung.co.kr/store/goods/getGoodsDetail.do?goodsNo=A000000184222&dispCatNo=90000010009&trackingCd=Best_Sellingbest&t_page=%EB%9E%AD%ED%82%B9&t_click=%ED%8C%90%EB%A7%A4%EB%9E%AD%ED%82%B9_%EC%A0%84%EC%B2%B4_%EC%83%81%ED%92%88%EC%83%81%EC%84%B8&t_number=64,에스쁘아,[디즈니 콜라보/6월 올영픽] 에스쁘아 비벨벳 커버쿠션 SPF42 PA++ (본품+리필+팡팡 퍼프 2매+케이스+스티커),"40,000원","30,300원","['세일', '쿠폰', '오늘드림']",
전체,https://www.oliveyoung.co.kr/store/goods/getGoodsDetail.do?goodsNo=A000000226518&dispCatNo=90000010009&trackingCd=Best_Sellingbest&t_page=%EB%9E%AD%ED%82%B9&t_click=%ED%8C%90%EB%A7%A4%EB%9E%AD%ED%82%B9_%EC%A0%84%EC%B2%B4_%EC%83%81%ED%92%88%EC%83%81%EC%84%B8&t_number=65,헤드스파7,[신상품/리뷰이벤트]헤드스파7 V8 슬리키 헤어미스트 기획세트,"27,000원","15,900원","['세일', '쿠폰', '오늘드림']",
전체,https://www.oliveyoung.co.kr/store/goods/getGoodsDetail.do?goodsNo=A000000138671&dispCatNo=90000010009&trackingCd=Best_Sellingbest&t_page=%EB%9E%AD%ED%82%B9&t_click=%ED%8C%90%EB%A7%A4%EB%9E%AD%ED%82%B9_%EC%A0%84%EC%B2%B4_%EC%83%81%ED%92%88%EC%83%81%EC%84%B8&t_number=66,페리페라,페리페라 스피디 스키니 브로우,"6,000원","5,700원","['세일', '오늘드림']",
전체,https://www.oliveyoung.co.kr/store/goods/getGoodsDetail.do?goodsNo=A000000205145&dispCatNo=90000010009&trackingCd=Best_Sellingbest&t_page=%EB%9E%AD%ED%82%B9&t_click=%ED%8C%90%EB%A7%A4%EB%9E%AD%ED%82%B9_%EC%A0%84%EC%B2%B4_%EC%83%81%ED%92%88%EC%83%81%EC%84%B8&t_number=67,디어달리아,[2024어워즈/1등블러쉬]디어달리아 리퀴드 블러쉬,"25,000원","21,250원","['세일', '오늘드림']",
전체,https://www.oliveyoung.co.kr/store/goods/getGoodsDetail.do?goodsNo=A000000189004&dispCatNo=90000010009&trackingCd=Best_Sellingbest&t_page=%EB%9E%AD%ED%82%B9&t_click=%ED%8C%90%EB%A7%A4%EB%9E%AD%ED%82%B9_%EC%A0%84%EC%B2%B4_%EC%83%81%ED%92%88%EC%83%81%EC%84%B8&t_number=68,바이오힐 보,[재구매1위/퀵보습진정] 바이오힐 보 판테셀 리페어시카 크림미스트 120mL+120mL 더블기획/단품,"25,200원","24,500원","['세일', '오늘드림']",
전체,https://www.oliveyoung.co.kr/store/goods/getGoodsDetail.do?goodsNo=A000000201277&dispCatNo=90000010009&trackingCd=Best_Sellingbest&t_page=%EB%9E%AD%ED%82%B9&t_click=%ED%8C%90%EB%A7%A4%EB%9E%AD%ED%82%B9_%EC%A0%84%EC%B2%B4_%EC%83%81%ED%92%88%EC%83%81%EC%84%B8&t_number=69,바이오가,[6월 올영픽/대용량] 바이오가 바이오틴 손상모발개선 탈모완화 샴푸 1000ml,"27,500원","22,440원","['세일', '쿠폰', '오늘드림']",
전체,https://www.oliveyoung.co.kr/store/goods/getGoodsDetail.do?goodsNo=A000000224774&dispCatNo=90000010009&trackingCd=Best_Sellingbest&t_page=%EB%9E%AD%ED%82%B9&t_click=%ED%8C%90%EB%A7%A4%EB%9E%AD%ED%82%B9_%EC%A0%84%EC%B2%B4_%EC%83%81%ED%92%88%EC%83%81%EC%84%B8&t_number=70,어뮤즈,[태닝 헬로키티] 어뮤즈 퀵 메이크업 미니 캐리어 (웜/쿨),"39,000원","33,150원","['쿠폰', '오늘드림']",
전체,https://www.oliveyoung.co.kr/store/goods/getGoodsDetail.do?goodsNo=A000000219555&dispCatNo=90000010009&trackingCd=Best_Sellingbest&t_page=%EB%9E%AD%ED%82%B9&t_click=%ED%8C%90%EB%A7%A4%EB%9E%AD%ED%82%B9_%EC%A0%84%EC%B2%B4_%EC%83%81%ED%92%88%EC%83%81%EC%84%B8&t_number=71,아비브,[리필기획] 아비브 어성초 흔적 에센스 패드 클리어터치 140매 (70매+70매 리필),"40,000원","28,000원","['세일', '오늘드림']",
전체,https://www.oliveyoung.co.kr/store/goods/getGoodsDetail.do?goodsNo=A000000157030&dispCatNo=90000010009&trackingCd=Best_Sellingbest&t_page=%EB%9E%AD%ED%82%B9&t_click=%ED%8C%90%EB%A7%A4%EB%9E%AD%ED%82%B9_%EC%A0%84%EC%B2%B4_%EC%83%81%ED%92%88%EC%83%81%EC%84%B8&t_number=72,라엘,[1+1] 라엘 유기농 순면커버 입는오버나이트 6종 택1,,"7,900원","['1+1', '오늘드림']",
전체,https://www.oliveyoung.co.kr/store/goods/getGoodsDetail.do?goodsNo=A000000200723&dispCatNo=90000010009&trackingCd=Best_Sellingbest&t_page=%EB%9E%AD%ED%82%B9&t_click=%ED%8C%90%EB%A7%A4%EB%9E%AD%ED%82%B9_%EC%A0%84%EC%B2%B4_%EC%83%81%ED%92%88%EC%83%81%EC%84%B8&t_number=73,퓌,[6월 올영픽/NEW컬러] 퓌 3D 볼류밍 글로스(30%/70%) 5.3g 17종,"18,000원","13,000원","['세일', '오늘드림']",
전체,https://www.oliveyoung.co.kr/store/goods/getGoodsDetail.do?goodsNo=A000000171426&dispCatNo=90000010009&trackingCd=Best_Sellingbest&t_page=%EB%9E%AD%ED%82%B9&t_click=%ED%8C%90%EB%A7%A4%EB%9E%AD%ED%82%B9_%EC%A0%84%EC%B2%B4_%EC%83%81%ED%92%88%EC%83%81%EC%84%B8&t_number=74,메디힐,[58관왕 No.1] 메디힐 네모패드 100매 8종 피부 고민별 골라담기,"26,000원","17,900원","['세일', '오늘드림']",
전체,https://www.oliveyoung.co.kr/store/goods/getGoodsDetail.do?goodsNo=A000000227022&dispCatNo=90000010009&trackingCd=Best_Sellingbest&t_page=%EB%9E%AD%ED%82%B9&t_click=%ED%8C%90%EB%A7%A4%EB%9E%AD%ED%82%B9_%EC%A0%84%EC%B2%B4_%EC%83%81%ED%92%88%EC%83%81%EC%84%B8&t_number=75,어반디케이,[6월올영픽] 어반디케이 메이크업 세팅 픽서 트래블 30ml 더블 기획,"50,000원","26,000원","['세일', '오늘드림']",
전체,https://www.oliveyoung.co.kr/store/goods/getGoodsDetail.do?goodsNo=A000000205908&dispCatNo=90000010009&trackingCd=Best_Sellingbest&t_page=%EB%9E%AD%ED%82%B9&t_click=%ED%8C%90%EB%A7%A4%EB%9E%AD%ED%82%B9_%EC%A0%84%EC%B2%B4_%EC%83%81%ED%92%88%EC%83%81%EC%84%B8&t_number=76,VDL,[6월올영픽/스패츌라증정] VDL 톤 스테인 컬러 코렉팅 프라이머 30ml (+스패츌라 기획/단품),"26,000원","18,530원","['세일', '쿠폰', '오늘드림']",
전체,https://www.oliveyoung.co.kr/store/goods/getGoodsDetail.do?goodsNo=A000000219556&dispCatNo=90000010009&trackingCd=Best_Sellingbest&t_page=%EB%9E%AD%ED%82%B9&t_click=%ED%8C%90%EB%A7%A4%EB%9E%AD%ED%82%B9_%EC%A0%84%EC%B2%B4_%EC%83%81%ED%92%88%EC%83%81%EC%84%B8&t_number=77,구달,[6/14 하루특가_스티치] 구달 맑은 어성초 진정 수분 톤업 선크림 50ml 1+1 기획 (+포캣 파우치 랜덤 증정),"22,000원","17,000원","['세일', '쿠폰', '오늘드림']",
전체,https://www.oliveyoung.co.kr/store/goods/getGoodsDetail.do?goodsNo=A000000226593&dispCatNo=90000010009&trackingCd=Best_Sellingbest&t_page=%EB%9E%AD%ED%82%B9&t_click=%ED%8C%90%EB%A7%A4%EB%9E%AD%ED%82%B9_%EC%A0%84%EC%B2%B4_%EC%83%81%ED%92%88%EC%83%81%EC%84%B8&t_number=78,네이밍,[6월 올영픽][NEW] 네이밍 제로 그래비티 커버 업 쿠션 기획(본품+리필+하이라이터 증정),"34,000원","27,200원","['세일', '오늘드림']",
전체,https://www.oliveyoung.co.kr/store/goods/getGoodsDetail.do?goodsNo=A000000209953&dispCatNo=90000010009&trackingCd=Best_Sellingbest&t_page=%EB%9E%AD%ED%82%B9&t_click=%ED%8C%90%EB%A7%A4%EB%9E%AD%ED%82%B9_%EC%A0%84%EC%B2%B4_%EC%83%81%ED%92%88%EC%83%81%EC%84%B8&t_number=79,컬러그램,[짱구콜라보/듀오기획] 컬러그램 누디 블러 틴트 20 COLOR (기획/단품),"10,000원","8,800원","['세일', '오늘드림']",
전체,https://www.oliveyoung.co.kr/store/goods/getGoodsDetail.do?goodsNo=A000000226486&dispCatNo=90000010009&trackingCd=Best_Sellingbest&t_page=%EB%9E%AD%ED%82%B9&t_click=%ED%8C%90%EB%A7%A4%EB%9E%AD%ED%82%B9_%EC%A0%84%EC%B2%B4_%EC%83%81%ED%92%88%EC%83%81%EC%84%B8&t_number=80,토리든,[6월올영픽] 토리든 다이브인 히알루론산 수딩 크림 100ml 더블 한정 기획 (+토너 100ml),"42,000원","28,000원","['세일', '쿠폰', '오늘드림']",
전체,https://www.oliveyoung.co.kr/store/goods/getGoodsDetail.do?goodsNo=A000000205870&dispCatNo=90000010009&trackingCd=Best_Sellingbest&t_page=%EB%9E%AD%ED%82%B9&t_click=%ED%8C%90%EB%A7%A4%EB%9E%AD%ED%82%B9_%EC%A0%84%EC%B2%B4_%EC%83%81%ED%92%88%EC%83%81%EC%84%B8&t_number=81,스트라이덱스,[여드름/좁쌀] 스트라이덱스 맥스플러스패드 55매,,"12,900원","['1+1', '오늘드림']",
전체,https://www.oliveyoung.co.kr/store/goods/getGoodsDetail.do?goodsNo=A000000224295&dispCatNo=90000010009&trackingCd=Best_Sellingbest&t_page=%EB%9E%AD%ED%82%B9&t_click=%ED%8C%90%EB%A7%A4%EB%9E%AD%ED%82%B9_%EC%A0%84%EC%B2%B4_%EC%83%81%ED%92%88%EC%83%81%EC%84%B8&t_number=82,마미케어,[모공절반감소] 마미케어 바다포도 모공앰플 50ml,"22,000원","14,800원","['세일', '오늘드림']",
전체,https://www.oliveyoung.co.kr/store/goods/getGoodsDetail.do?goodsNo=A000000217511&dispCatNo=90000010009&trackingCd=Best_Sellingbest&t_page=%EB%9E%AD%ED%82%B9&t_click=%ED%8C%90%EB%A7%A4%EB%9E%AD%ED%82%B9_%EC%A0%84%EC%B2%B4_%EC%83%81%ED%92%88%EC%83%81%EC%84%B8&t_number=83,휩드,휩드 비건 팩클렌저 130g 기획 3종 (머그트리/무화버터/유자몽),"29,000원","22,900원","['세일', '오늘드림']",
전체,https://www.oliveyoung.co.kr/store/goods/getGoodsDetail.do?goodsNo=A000000222698&dispCatNo=90000010009&trackingCd=Best_Sellingbest&t_page=%EB%9E%AD%ED%82%B9&t_click=%ED%8C%90%EB%A7%A4%EB%9E%AD%ED%82%B9_%EC%A0%84%EC%B2%B4_%EC%83%81%ED%92%88%EC%83%81%EC%84%B8&t_number=84,아누아,아누아 피디알엔 히알루론산 캡슐 100 세럼 30mL 기획 (+30mL 리필팩),"58,500원","29,500원","['세일', '오늘드림']",
전체,https://www.oliveyoung.co.kr/store/goods/getGoodsDetail.do?goodsNo=A000000226521&dispCatNo=90000010009&trackingCd=Best_Sellingbest&t_page=%EB%9E%AD%ED%82%B9&t_click=%ED%8C%90%EB%A7%A4%EB%9E%AD%ED%82%B9_%EC%A0%84%EC%B2%B4_%EC%83%81%ED%92%88%EC%83%81%EC%84%B8&t_number=85,헤드스파7,[신상품/리뷰이벤트]헤드스파7 V8 리본딩 헤어크림 기획세트,"24,000원","14,900원","['세일', '오늘드림']",
전체,https://www.oliveyoung.co.kr/store/goods/getGoodsDetail.do?goodsNo=A000000216349&dispCatNo=90000010009&trackingCd=Best_Sellingbest&t_page=%EB%9E%AD%ED%82%B9&t_click=%ED%8C%90%EB%A7%A4%EB%9E%AD%ED%82%B9_%EC%A0%84%EC%B2%B4_%EC%83%81%ED%92%88%EC%83%81%EC%84%B8&t_number=86,메디힐,[6월 올영픽/한정기획] 메디힐 하이퍼 콜라겐 마스크 5+1매 (겔 마스크팩),"22,500원","16,700원","['세일', '쿠폰', '오늘드림']",
전체,https://www.oliveyoung.co.kr/store/goods/getGoodsDetail.do?goodsNo=A000000218834&dispCatNo=90000010009&trackingCd=Best_Sellingbest&t_page=%EB%9E%AD%ED%82%B9&t_click=%ED%8C%90%EB%A7%A4%EB%9E%AD%ED%82%B9_%EC%A0%84%EC%B2%B4_%EC%83%81%ED%92%88%EC%83%81%EC%84%B8&t_number=87,오아드,[미니립오일증정] 오아드 립티크 9종 단품/기획,"26,000원","23,400원","['세일', '오늘드림']",
전체,https://www.oliveyoung.co.kr/store/goods/getGoodsDetail.do?goodsNo=A000000158752&dispCatNo=90000010009&trackingCd=Best_Sellingbest&t_page=%EB%9E%AD%ED%82%B9&t_click=%ED%8C%90%EB%A7%A4%EB%9E%AD%ED%82%B9_%EC%A0%84%EC%B2%B4_%EC%83%81%ED%92%88%EC%83%81%EC%84%B8&t_number=88,토리든,[6월올영픽/1위수상] 토리든 마스크 10매 기획 3종 (수분/진정/브라이트닝),"30,000원","14,300원","['세일', '쿠폰', '오늘드림']",
전체,https://www.oliveyoung.co.kr/store/goods/getGoodsDetail.do?goodsNo=A000000214907&dispCatNo=90000010009&trackingCd=Best_Sellingbest&t_page=%EB%9E%AD%ED%82%B9&t_click=%ED%8C%90%EB%A7%A4%EB%9E%AD%ED%82%B9_%EC%A0%84%EC%B2%B4_%EC%83%81%ED%92%88%EC%83%81%EC%84%B8&t_number=89,아렌시아,[모공세정] 아렌시아 떡솝 프레시 클렌저 120g 기획 3종 (그린/로즈힙/블루히솝),"23,000원","19,500원","['세일', '오늘드림']",
전체,https://www.oliveyoung.co.kr/store/goods/getGoodsDetail.do?goodsNo=A000000212703&dispCatNo=90000010009&trackingCd=Best_Sellingbest&t_page=%EB%9E%AD%ED%82%B9&t_click=%ED%8C%90%EB%A7%A4%EB%9E%AD%ED%82%B9_%EC%A0%84%EC%B2%B4_%EC%83%81%ED%92%88%EC%83%81%EC%84%B8&t_number=90,풀리,[NEW/단독기획] 풀리 비건 팩 클렌저 기획 3종 (그린토마토/레드토마토/쌀반죽),"24,000원","18,400원","['세일', '오늘드림']",
전체,https://www.oliveyoung.co.kr/store/goods/getGoodsDetail.do?goodsNo=A000000227776&dispCatNo=90000010009&trackingCd=Best_Sellingbest&t_page=%EB%9E%AD%ED%82%B9&t_click=%ED%8C%90%EB%A7%A4%EB%9E%AD%ED%82%B9_%EC%A0%84%EC%B2%B4_%EC%83%81%ED%92%88%EC%83%81%EC%84%B8&t_number=91,에뛰드,[단독기획] 에뛰드 컬 픽스 마스카라 1+1 기획 / 닥터 마스카라 픽서,"16,000원","15,500원","['쿠폰', '오늘드림']",
전체,https://www.oliveyoung.co.kr/store/goods/getGoodsDetail.do?goodsNo=A000000226505&dispCatNo=90000010009&trackingCd=Best_Sellingbest&t_page=%EB%9E%AD%ED%82%B9&t_click=%ED%8C%90%EB%A7%A4%EB%9E%AD%ED%82%B9_%EC%A0%84%EC%B2%B4_%EC%83%81%ED%92%88%EC%83%81%EC%84%B8&t_number=92,바이브랩,[6월 올영픽/한정기획] 바이브랩 리바이브 테라피 스칼프 앤 브로우 앰플 2입 기획,"39,000원","29,900원","['세일', '쿠폰', '오늘드림']",
전체,https://www.oliveyoung.co.kr/store/goods/getGoodsDetail.do?goodsNo=A000000205881&dispCatNo=90000010009&trackingCd=Best_Sellingbest&t_page=%EB%9E%AD%ED%82%B9&t_click=%ED%8C%90%EB%A7%A4%EB%9E%AD%ED%82%B9_%EC%A0%84%EC%B2%B4_%EC%83%81%ED%92%88%EC%83%81%EC%84%B8&t_number=93,클리오,[1+1] 클리오 샤프 쏘 심플 워터프루프 펜슬라이너 더블기획,"22,000원","13,200원","['세일', '오늘드림']",
전체,https://www.oliveyoung.co.kr/store/goods/getGoodsDetail.do?goodsNo=A000000179685&dispCatNo=90000010009&trackingCd=Best_Sellingbest&t_page=%EB%9E%AD%ED%82%B9&t_click=%ED%8C%90%EB%A7%A4%EB%9E%AD%ED%82%B9_%EC%A0%84%EC%B2%B4_%EC%83%81%ED%92%88%EC%83%81%EC%84%B8&t_number=94,달바,[NO.1 미스트세럼] 달바 퍼스트 스프레이 세럼 100ml 2개 기획,"59,800원","35,200원","['세일', '오늘드림']",
전체,https://www.oliveyoung.co.kr/store/goods/getGoodsDetail.do?goodsNo=A000000183059&dispCatNo=90000010009&trackingCd=Best_Sellingbest&t_page=%EB%9E%AD%ED%82%B9&t_click=%ED%8C%90%EB%A7%A4%EB%9E%AD%ED%82%B9_%EC%A0%84%EC%B2%B4_%EC%83%81%ED%92%88%EC%83%81%EC%84%B8&t_number=95,어노브,[6월 올영픽/신규향 듀오 출시] 어노브 딥 데미지 리페어 샴푸 500g 2입 2종 택1,"34,000원","25,800원","['세일', '쿠폰', '오늘드림']",
전체,https://www.oliveyoung.co.kr/store/goods/getGoodsDetail.do?goodsNo=A000000225015&dispCatNo=90000010009&trackingCd=Best_Sellingbest&t_page=%EB%9E%AD%ED%82%B9&t_click=%ED%8C%90%EB%A7%A4%EB%9E%AD%ED%82%B9_%EC%A0%84%EC%B2%B4_%EC%83%81%ED%92%88%EC%83%81%EC%84%B8&t_number=96,바이오힐 보,바이오힐 보 프로바이오덤 콜라겐 톤업 /에센스 선크림 1+1 기획,"30,000원","17,600원","['세일', '쿠폰', '오늘드림']",
전체,https://www.oliveyoung.co.kr/store/goods/getGoodsDetail.do?goodsNo=A000000207349&dispCatNo=90000010009&trackingCd=Best_Sellingbest&t_page=%EB%9E%AD%ED%82%B9&t_click=%ED%8C%90%EB%A7%A4%EB%9E%AD%ED%82%B9_%EC%A0%84%EC%B2%B4_%EC%83%81%ED%92%88%EC%83%81%EC%84%B8&t_number=97,오프라 코스메틱,오프라 코스메틱 미니 하이라이터 단품/기획,"36,000원","32,400원","['세일', '오늘드림']",
전체,https://www.oliveyoung.co.kr/store/goods/getGoodsDetail.do?goodsNo=A000000138762&dispCatNo=90000010009&trackingCd=Best_Sellingbest&t_page=%EB%9E%AD%ED%82%B9&t_click=%ED%8C%90%EB%A7%A4%EB%9E%AD%ED%82%B9_%EC%A0%84%EC%B2%B4_%EC%83%81%ED%92%88%EC%83%81%EC%84%B8&t_number=98,쏘내추럴,쏘내추럴 올 데이 메이크업 픽서 120ml (안개분사 캔타입),"24,000원","16,800원","['세일', '오늘드림']",
전체,https://www.oliveyoung.co.kr/store/goods/getGoodsDetail.do?goodsNo=A000000148549&dispCatNo=90000010009&trackingCd=Best_Sellingbest&t_page=%EB%9E%AD%ED%82%B9&t_click=%ED%8C%90%EB%A7%A4%EB%9E%AD%ED%82%B9_%EC%A0%84%EC%B2%B4_%EC%83%81%ED%92%88%EC%83%81%EC%84%B8&t_number=99,트리헛,[8년연속 1위] 트리헛 시어 슈가 스크럽 510g 단품/기획,"22,500원","18,000원","['세일', '오늘드림']",
전체,https://www.oliveyoung.co.kr/store/goods/getGoodsDetail.do?goodsNo=A000000186166&dispCatNo=90000010009&trackingCd=Best_Sellingbest&t_page=%EB%9E%AD%ED%82%B9&t_click=%ED%8C%90%EB%A7%A4%EB%9E%AD%ED%82%B9_%EC%A0%84%EC%B2%B4_%EC%83%81%ED%92%88%EC%83%81%EC%84%B8&t_number=100,라운드랩,[6월 올영픽][1+1/톤업] 라운드랩 자작나무 수분 톤업 선크림 50ml 1+1 기획,"25,000원","24,200원","['세일', '쿠폰', '오늘드림']",
